[
{
  "model": "auth.user",
  "fields": {
    "password": "pbkdf2_sha256$260000$KjqCPUEntis2YTcm5yW7Pf$2nMLPpew80Y4n0oKQvJAgbkGZw9p4HzygEoqFje4fGs=",
    "last_login": "2021-07-21T16:04:40.549Z",
    "is_superuser": true,
    "username": "bforsek",
    "first_name": "",
    "last_name": "",
    "email": "bforsek@gmail.com",
    "is_staff": true,
    "is_active": true,
    "date_joined": "2021-07-19T21:34:53.845Z",
    "groups": [],
    "user_permissions": []
  }
},
{
  "model": "sessions.session",
  "pk": "7zi4y97tarn7co89cntqk24oftnurq82",
  "fields": {
    "session_data": ".eJxVjDsOwjAUBO_iGln-5lfScwbrxd4QA7KRnUggxN0hUgpod2bnxRyty-zWiuJiYAOT7PC7jeSvSBsIF0rnzH1OS4kj3xS-08pPOeB23N2_wEx1_r610trCKDuJkdD2GpOENQ1JCGlbsr5T_aRU13iAoKT1UlBjfEcBQpstWlFrzMnhcY_lyQbx_gB5oD75:1m6Ei8:EEbT4uE0wjbRlktF0PbULem4gX-oP9AGIpOnAjESZDs",
    "expire_date": "2021-08-04T16:04:40.568Z"
  }
},
{
  "model": "sessions.session",
  "pk": "n2mcozj5fst0xwrvycnceidqnxtgjo0i",
  "fields": {
    "session_data": ".eJxVjMsOwiAQRf-FtSHM8Ch16d5vIAMMUjU0Ke3K-O_apAvd3nPOfYlA21rD1nkJUxZnAeL0u0VKD247yHdqt1mmua3LFOWuyIN2eZ0zPy-H-3dQqddvrVFrywZtUZF4GDUXYGscASuwA9nkcSyI3iVmYgSbQJEzyVNmpY14fwDUmje8:1m5b1q:m90OihQKYez_neIpghcww_QeN0VCN3QAYdjORuTAFrQ",
    "expire_date": "2021-08-02T21:42:22.768Z"
  }
},
{
  "model": "sites.site",
  "fields": {
    "domain": "croatianshop.example.com",
    "name": "Croatian Food Shop"
  }
},
{
  "model": "account.emailaddress",
  "pk": 1,
  "fields": {
    "user": [
      "bforsek"
    ],
    "email": "bforsek@gmail.com",
    "verified": true,
    "primary": true
  }
},
{
  "model": "products.category",
  "pk": 1,
  "fields": {
    "name": "bakery",
    "friendly_name": "Bakery"
  }
},
{
  "model": "products.category",
  "pk": 2,
  "fields": {
    "name": "frozen",
    "friendly_name": "Frozen"
  }
},
{
  "model": "products.category",
  "pk": 3,
  "fields": {
    "name": "juice_soft_drink",
    "friendly_name": "Juice & Soft Drinks"
  }
},
{
  "model": "products.category",
  "pk": 4,
  "fields": {
    "name": "coffee_tea",
    "friendly_name": "Coffee & Tea"
  }
},
{
  "model": "products.category",
  "pk": 5,
  "fields": {
    "name": "sweet_snack",
    "friendly_name": "Sweets & Snacks"
  }
},
{
  "model": "products.category",
  "pk": 6,
  "fields": {
    "name": "meat_sausage",
    "friendly_name": "Meats & Sausages"
  }
},
{
  "model": "products.category",
  "pk": 8,
  "fields": {
    "name": "condiments",
    "friendly_name": "Condiments"
  }
},
{
  "model": "products.category",
  "pk": 9,
  "fields": {
    "name": "pasta",
    "friendly_name": "Pasta"
  }
},
{
  "model": "products.category",
  "pk": 10,
  "fields": {
    "name": "dairy",
    "friendly_name": "Dairy"
  }
},
{
  "model": "products.category",
  "pk": 11,
  "fields": {
    "name": "canned",
    "friendly_name": "Canned Food"
  }
},
{
  "model": "products.product",
  "pk": 1,
  "fields": {
    "category": 8,
    "sku": "52115435215546",
    "name": "Ajvar",
    "description": "Podravka ajvar, made from red bell peppers with garlic and eggplant. Mild",
    "manufacturer": 1,
    "price": "2.50",
    "image_url": null,
    "image": "ajvar_ExZg3w9.jpg",
    "featured": true
  }
},
{
  "model": "products.product",
  "pk": 2,
  "fields": {
    "category": 11,
    "sku": "65463121858456",
    "name": "Argeta Pate - Chicken",
    "description": "Chicken pate made from carefully selected chicken meat.",
    "manufacturer": 3,
    "price": "1.35",
    "image_url": null,
    "image": "argeta_pileca_ZNouW9n.jpg",
    "featured": false
  }
},
{
  "model": "products.product",
  "pk": 3,
  "fields": {
    "category": 11,
    "sku": "56132135446841",
    "name": "Argeta pate - Tuna",
    "description": "Argeta Pate made from the best tuna. \r\nNo preservatives\r\nNo artificial colors\r\nGluten free",
    "manufacturer": 3,
    "price": "1.35",
    "image_url": null,
    "image": "argeta_tuna_wXFBeEW.png",
    "featured": false
  }
},
{
  "model": "products.product",
  "pk": 4,
  "fields": {
    "category": 3,
    "sku": "5648423213154654",
    "name": "Cappy Orange Juice",
    "description": "100% Orange juice. \r\nMade from pure squeezed oranges and not from concentrate\r\nNo added sugar.",
    "manufacturer": 4,
    "price": "2.00",
    "image_url": null,
    "image": "cappy_naranca_fLDjc3g.jpg",
    "featured": true
  }
},
{
  "model": "products.product",
  "pk": 5,
  "fields": {
    "category": 6,
    "sku": "784654651351684",
    "name": "Banja Luka Cevapcici",
    "description": "Made from the original Banja Luka recipe, these cevapcici will tingle your taste buds. \r\nMade from 100% port meat",
    "manufacturer": 5,
    "price": "3.99",
    "image_url": null,
    "image": "cevapcici_IBWNQcR.jpg",
    "featured": false
  }
},
{
  "model": "products.product",
  "pk": 6,
  "fields": {
    "category": 11,
    "sku": "9564321315313",
    "name": "Tea Pate",
    "description": "The Gavrilovic tea pate is a popular breakfast spread.\r\nThis one has a bit of a kick.",
    "manufacturer": 6,
    "price": "1.35",
    "image_url": null,
    "image": "gavrilovic_pasteta_pikant_e2rs7AE.jpg",
    "featured": false
  }
},
{
  "model": "products.product",
  "pk": 7,
  "fields": {
    "category": 5,
    "sku": "21351351381321",
    "name": "Jadro Biscuits",
    "description": "Jadro biscuits are famous in Croatia. \r\nThis is their new coconut and chocolate flavor ready to be enjoyed by the whole family.",
    "manufacturer": 7,
    "price": "2.50",
    "image_url": null,
    "image": "jadro_2PUvaIE.jpg",
    "featured": false
  }
},
{
  "model": "products.product",
  "pk": 8,
  "fields": {
    "category": 3,
    "sku": "494651351381638",
    "name": "Jamnica",
    "description": "The most refreshing sparkling water you will ever taste. It comes from the deepest springs and is naturally carbonated.",
    "manufacturer": 3,
    "price": "2.00",
    "image_url": null,
    "image": "atlantic_group_juice_jamnica_OLMJ28b.jpg",
    "featured": true
  }
},
{
  "model": "products.product",
  "pk": 9,
  "fields": {
    "category": 3,
    "sku": "98465135138313",
    "name": "Jana Ice Tea",
    "description": "Jana is the biggest brand of bottled water in Croatia and their Ice Tea is better than anything you have ever tasted. Add it to your cart and give it a try.",
    "manufacturer": 3,
    "price": "1.50",
    "image_url": null,
    "image": "atlantic_group_juice_jana_tea_KOYgGoT.jpg",
    "featured": false
  }
},
{
  "model": "products.product",
  "pk": 10,
  "fields": {
    "category": 1,
    "sku": "894135131381351",
    "name": "Cake Base",
    "description": "So you want to bake a cake? \r\nWhy slave over a stove when you can get everything already made by the best bakers in the country. \r\nJust add your toppings and you're golden!",
    "manufacturer": 8,
    "price": "3.50",
    "image_url": null,
    "image": "boromir_cake_base_mrQPPYV.png",
    "featured": false
  }
},
{
  "model": "products.product",
  "pk": 11,
  "fields": {
    "category": 1,
    "sku": "684351381316381",
    "name": "Biscotti",
    "description": "Are you making tiramisu? Maybe a little peckish and have a sweet tooth? \r\nYou need to have some biscotti around at all times and give in to those cravings.",
    "manufacturer": 8,
    "price": "3.20",
    "image_url": null,
    "image": "boromir_piskoti_2H9cVdu.jpg",
    "featured": false
  }
},
{
  "model": "products.product",
  "pk": 12,
  "fields": {
    "category": 2,
    "sku": "784651351381",
    "name": "Cevapcici - Sarajevo",
    "description": "They go by many names, but cevapcici are not just a local delicacy in Bosnia, Croatia, Serbia, etc. \r\nThey are a way of life. When you're sad, have cevapi, when you're happy, have cevapi, when you're bored, have cevapi... \r\nJust have cevapi.",
    "manufacturer": 5,
    "price": "3.50",
    "image_url": null,
    "image": "brajlovic_frozen_cevapcici_sarajevski_Wu3FYjv.png",
    "featured": false
  }
},
{
  "model": "products.product",
  "pk": 13,
  "fields": {
    "category": 6,
    "sku": "65138138138131",
    "name": "Smoked Meat",
    "description": "It's just generic smoked meat. If you don't have any at home, you better get some. \r\nYou never know when your 4th cousins will pop in for visit from Canada.",
    "manufacturer": 5,
    "price": "4.00",
    "image_url": null,
    "image": "brajlovic_meat_smoked_meat_Sjf0n7E.jpg",
    "featured": false
  }
},
{
  "model": "products.product",
  "pk": 14,
  "fields": {
    "category": 6,
    "sku": "79841651681351",
    "name": "Sudjuk - mild",
    "description": "It tastes amazing! But even if you don't like the taste, the smell of this sausage will take you back to the time when your grandma though you were just skin and bones and force fed it to you.",
    "manufacturer": 5,
    "price": "4.50",
    "image_url": null,
    "image": "brajlovic_sausage_sudzuk_TW9dk7j.jpg",
    "featured": false
  }
},
{
  "model": "products.product",
  "pk": 15,
  "fields": {
    "category": 10,
    "sku": "335168135181351",
    "name": "Dukatela",
    "description": "An essential part of a full Croatian breakfast. It's not Philadelphia, it's better.",
    "manufacturer": 9,
    "price": "2.00",
    "image_url": null,
    "image": "dukat_cheese_dukatela_lWyBAHK.png",
    "featured": false
  }
},
{
  "model": "products.product",
  "pk": 16,
  "fields": {
    "category": 4,
    "sku": "6513138135131381",
    "name": "Cappuccino",
    "description": "There is nothing more Croatian than spending 4 hours in a local cafe sipping one cup of coffee. \r\nNow, you can do that at home too.",
    "manufacturer": 10,
    "price": "5.00",
    "image_url": null,
    "image": "franck_coffee_classic_S8BBZzM.jpg",
    "featured": false
  }
},
{
  "model": "products.product",
  "pk": 17,
  "fields": {
    "category": 4,
    "sku": "3485613813813531",
    "name": "Turkish Coffee",
    "description": "Espresso not strong enough? No problem, Francks Turkish coffee will have you wired till next week.",
    "manufacturer": 10,
    "price": "4.50",
    "image_url": null,
    "image": "franck_coffee_turkish_coffee_JzO38pP.jpg",
    "featured": false
  }
},
{
  "model": "products.product",
  "pk": 18,
  "fields": {
    "category": 4,
    "sku": "3489573498573945",
    "name": "Camomile Tea",
    "description": "Ubiquitous in every Croatian pantry, this is the cure for everything.",
    "manufacturer": 10,
    "price": "2.35",
    "image_url": null,
    "image": "franck_tea_cammomile_7b3iLP2.jpg",
    "featured": false
  }
},
{
  "model": "products.product",
  "pk": 19,
  "fields": {
    "category": 4,
    "sku": "324897539485739485",
    "name": "Forest berry tea",
    "description": "A tea with light flavours of forest berries. You will forget where you are and be whisked away to a calm and quiet forest.",
    "manufacturer": 10,
    "price": "2.35",
    "image_url": null,
    "image": "franck_tea_forest_berries_HJP8o6T.jpg",
    "featured": false
  }
},
{
  "model": "products.product",
  "pk": 20,
  "fields": {
    "category": 11,
    "sku": "34234987983475",
    "name": "Chicken Pate",
    "description": "Made from the best quality chicken Gavrilovic Chicken Pate is everyone's favorite breakfast.",
    "manufacturer": 6,
    "price": "1.40",
    "image_url": null,
    "image": "gavrilovic_chicken_pate_LjaveXS.jpg",
    "featured": false
  }
},
{
  "model": "products.product",
  "pk": 21,
  "fields": {
    "category": 11,
    "sku": "983749587394857",
    "name": "Ham with black currant",
    "description": "Canned ham of the finest quality.",
    "manufacturer": 6,
    "price": "5.50",
    "image_url": null,
    "image": "gavrilovic_ham_zc51y7l.jpg",
    "featured": false
  }
},
{
  "model": "products.product",
  "pk": 22,
  "fields": {
    "category": 11,
    "sku": "239479485734958",
    "name": "Hot Dogs in salty brine",
    "description": "Preppers delight.",
    "manufacturer": 6,
    "price": "3.45",
    "image_url": null,
    "image": "gavrilovic_hot_dogs_9KHtZAs.png",
    "featured": false
  }
},
{
  "model": "products.product",
  "pk": 23,
  "fields": {
    "category": 11,
    "sku": "38475934857398",
    "name": "Spicy Pate",
    "description": "Infused with chilli peppers and black pepper corns, this pate is a must try. \r\nMade from the best quality ingredients, it is a delicacy.",
    "manufacturer": 6,
    "price": "1.50",
    "image_url": null,
    "image": "gavrilovic_pasteta_pikant_Mqkj5Sx.jpg",
    "featured": false
  }
},
{
  "model": "products.product",
  "pk": 24,
  "fields": {
    "category": 6,
    "sku": "34987349587",
    "name": "Budjola",
    "description": "Budjola is smoked pork neck and is a delicacy claimed by both Croatia and Italy.",
    "manufacturer": 6,
    "price": "3.25",
    "image_url": null,
    "image": "gavrilovic_sausage_budola_K85xWRq.jpg",
    "featured": false
  }
},
{
  "model": "products.product",
  "pk": 25,
  "fields": {
    "category": 1,
    "sku": "349587349587345",
    "name": "Toast Cracker",
    "description": "A pre toasted toast. For the long commute.",
    "manufacturer": 11,
    "price": "3.35",
    "image_url": null,
    "image": "klara_dvopek_3FYOJoT.jpg",
    "featured": false
  }
},
{
  "model": "products.product",
  "pk": 26,
  "fields": {
    "category": 2,
    "sku": "394857394875",
    "name": "Somun Bread",
    "description": "Somun bread is essential for the best cevapi experience.",
    "manufacturer": 2,
    "price": "2.25",
    "image_url": null,
    "image": "klas_frozen_sarajevo_somun_fggBna8.jpg",
    "featured": false
  }
},
{
  "model": "products.product",
  "pk": 27,
  "fields": {
    "category": 1,
    "sku": "34587349583475",
    "name": "Polenta",
    "description": "A great accompaniment to pork or beef dishes.",
    "manufacturer": 2,
    "price": "1.15",
    "image_url": null,
    "image": "klas_palenta_pxv7Mwj.jpg",
    "featured": false
  }
},
{
  "model": "products.product",
  "pk": 28,
  "fields": {
    "category": 9,
    "sku": "345983745938475",
    "name": "Macarons",
    "description": "Great pasta for mac & cheese or as noodles in stew.",
    "manufacturer": 2,
    "price": "2.95",
    "image_url": null,
    "image": "klas_tjestenina_puzici_8hY0YwG.jpg",
    "featured": false
  }
},
{
  "model": "products.product",
  "pk": 29,
  "fields": {
    "category": 9,
    "sku": "5463534857394587",
    "name": "Spaghetti",
    "description": "Made from the best durum wheat, these should be your no. 1 choice.",
    "manufacturer": 2,
    "price": "3.15",
    "image_url": null,
    "image": "klas_tjestenina_spageti_JoeiD0q.jpg",
    "featured": false
  }
},
{
  "model": "products.product",
  "pk": 30,
  "fields": {
    "category": 5,
    "sku": "5464535353098",
    "name": "Bajadera",
    "description": "The most iconic chocolate box to come out of Kras. \r\nHazel fudge between two slabs of Nutella like chocolate.",
    "manufacturer": 7,
    "price": "5.50",
    "image_url": null,
    "image": "kras_sweets_bajadera_KCjX0pa.jpeg",
    "featured": false
  }
},
{
  "model": "products.product",
  "pk": 31,
  "fields": {
    "category": 5,
    "sku": "456464536546456",
    "name": "Dorina Rice",
    "description": "Milk chocolate with rice. Great taste with half the calories.",
    "manufacturer": 7,
    "price": "2.35",
    "image_url": null,
    "image": "kras_sweets_dorina_chocolate_7KEDj32.jpeg",
    "featured": false
  }
},
{
  "model": "products.manufacturer",
  "pk": 1,
  "fields": {
    "name": "podravka",
    "friendly_name": "Podravka"
  }
},
{
  "model": "products.manufacturer",
  "pk": 2,
  "fields": {
    "name": "klas",
    "friendly_name": "Klas"
  }
},
{
  "model": "products.manufacturer",
  "pk": 3,
  "fields": {
    "name": "atlantic_group",
    "friendly_name": "Atlantic Group"
  }
},
{
  "model": "products.manufacturer",
  "pk": 4,
  "fields": {
    "name": "coca_cola",
    "friendly_name": "The Coca-Cola Company"
  }
},
{
  "model": "products.manufacturer",
  "pk": 5,
  "fields": {
    "name": "brajlovic",
    "friendly_name": "Brajlovic"
  }
},
{
  "model": "products.manufacturer",
  "pk": 6,
  "fields": {
    "name": "gavrilovic",
    "friendly_name": "Gavrilovic"
  }
},
{
  "model": "products.manufacturer",
  "pk": 7,
  "fields": {
    "name": "kras",
    "friendly_name": "Kras"
  }
},
{
  "model": "products.manufacturer",
  "pk": 8,
  "fields": {
    "name": "boromir",
    "friendly_name": "Boromir"
  }
},
{
  "model": "products.manufacturer",
  "pk": 9,
  "fields": {
    "name": "dukat",
    "friendly_name": "Dukat"
  }
},
{
  "model": "products.manufacturer",
  "pk": 10,
  "fields": {
    "name": "franck",
    "friendly_name": "Franck"
  }
},
{
  "model": "products.manufacturer",
  "pk": 11,
  "fields": {
    "name": "klara",
    "friendly_name": "Klara"
  }
},
{
  "model": "admin.logentry",
  "pk": 1,
  "fields": {
    "action_time": "2021-07-19T21:42:44.495Z",
    "user": [
      "bforsek"
    ],
    "content_type": [
      "sites",
      "site"
    ],
    "object_id": "1",
    "object_repr": "croatianshop.example.com",
    "action_flag": 2,
    "change_message": "[{\"changed\": {\"fields\": [\"Domain name\", \"Display name\"]}}]"
  }
},
{
  "model": "admin.logentry",
  "pk": 2,
  "fields": {
    "action_time": "2021-07-20T12:14:16.524Z",
    "user": [
      "bforsek"
    ],
    "content_type": [
      "products",
      "category"
    ],
    "object_id": "1",
    "object_repr": "bakery",
    "action_flag": 1,
    "change_message": "[{\"added\": {}}]"
  }
},
{
  "model": "admin.logentry",
  "pk": 3,
  "fields": {
    "action_time": "2021-07-20T12:14:27.276Z",
    "user": [
      "bforsek"
    ],
    "content_type": [
      "products",
      "category"
    ],
    "object_id": "2",
    "object_repr": "frozen",
    "action_flag": 1,
    "change_message": "[{\"added\": {}}]"
  }
},
{
  "model": "admin.logentry",
  "pk": 4,
  "fields": {
    "action_time": "2021-07-20T12:14:45.852Z",
    "user": [
      "bforsek"
    ],
    "content_type": [
      "products",
      "category"
    ],
    "object_id": "3",
    "object_repr": "juice_soft_drink",
    "action_flag": 1,
    "change_message": "[{\"added\": {}}]"
  }
},
{
  "model": "admin.logentry",
  "pk": 5,
  "fields": {
    "action_time": "2021-07-20T12:14:56.789Z",
    "user": [
      "bforsek"
    ],
    "content_type": [
      "products",
      "category"
    ],
    "object_id": "4",
    "object_repr": "coffee_tea",
    "action_flag": 1,
    "change_message": "[{\"added\": {}}]"
  }
},
{
  "model": "admin.logentry",
  "pk": 6,
  "fields": {
    "action_time": "2021-07-20T12:15:09.470Z",
    "user": [
      "bforsek"
    ],
    "content_type": [
      "products",
      "category"
    ],
    "object_id": "5",
    "object_repr": "sweet_snack",
    "action_flag": 1,
    "change_message": "[{\"added\": {}}]"
  }
},
{
  "model": "admin.logentry",
  "pk": 7,
  "fields": {
    "action_time": "2021-07-20T12:15:27.245Z",
    "user": [
      "bforsek"
    ],
    "content_type": [
      "products",
      "category"
    ],
    "object_id": "6",
    "object_repr": "meat_sausage",
    "action_flag": 1,
    "change_message": "[{\"added\": {}}]"
  }
},
{
  "model": "admin.logentry",
  "pk": 8,
  "fields": {
    "action_time": "2021-07-20T12:15:34.309Z",
    "user": [
      "bforsek"
    ],
    "content_type": [
      "products",
      "category"
    ],
    "object_id": "7",
    "object_repr": "cheese",
    "action_flag": 1,
    "change_message": "[{\"added\": {}}]"
  }
},
{
  "model": "admin.logentry",
  "pk": 9,
  "fields": {
    "action_time": "2021-07-20T12:15:42.370Z",
    "user": [
      "bforsek"
    ],
    "content_type": [
      "products",
      "category"
    ],
    "object_id": "8",
    "object_repr": "condiments",
    "action_flag": 1,
    "change_message": "[{\"added\": {}}]"
  }
},
{
  "model": "admin.logentry",
  "pk": 10,
  "fields": {
    "action_time": "2021-07-20T12:15:48.245Z",
    "user": [
      "bforsek"
    ],
    "content_type": [
      "products",
      "category"
    ],
    "object_id": "9",
    "object_repr": "pasta",
    "action_flag": 1,
    "change_message": "[{\"added\": {}}]"
  }
},
{
  "model": "admin.logentry",
  "pk": 11,
  "fields": {
    "action_time": "2021-07-20T12:15:57.634Z",
    "user": [
      "bforsek"
    ],
    "content_type": [
      "products",
      "category"
    ],
    "object_id": "10",
    "object_repr": "dairy",
    "action_flag": 1,
    "change_message": "[{\"added\": {}}]"
  }
},
{
  "model": "admin.logentry",
  "pk": 12,
  "fields": {
    "action_time": "2021-07-20T12:20:46.113Z",
    "user": [
      "bforsek"
    ],
    "content_type": [
      "products",
      "manufacturer"
    ],
    "object_id": "1",
    "object_repr": "podravka",
    "action_flag": 1,
    "change_message": "[{\"added\": {}}]"
  }
},
{
  "model": "admin.logentry",
  "pk": 13,
  "fields": {
    "action_time": "2021-07-20T12:20:51.087Z",
    "user": [
      "bforsek"
    ],
    "content_type": [
      "products",
      "manufacturer"
    ],
    "object_id": "2",
    "object_repr": "klas",
    "action_flag": 1,
    "change_message": "[{\"added\": {}}]"
  }
},
{
  "model": "admin.logentry",
  "pk": 14,
  "fields": {
    "action_time": "2021-07-20T12:24:44.198Z",
    "user": [
      "bforsek"
    ],
    "content_type": [
      "products",
      "product"
    ],
    "object_id": "1",
    "object_repr": "Ajvar",
    "action_flag": 1,
    "change_message": "[{\"added\": {}}]"
  }
},
{
  "model": "admin.logentry",
  "pk": 15,
  "fields": {
    "action_time": "2021-07-20T12:24:48.326Z",
    "user": [
      "bforsek"
    ],
    "content_type": [
      "products",
      "product"
    ],
    "object_id": "1",
    "object_repr": "Ajvar",
    "action_flag": 2,
    "change_message": "[]"
  }
},
{
  "model": "admin.logentry",
  "pk": 16,
  "fields": {
    "action_time": "2021-07-20T12:25:34.400Z",
    "user": [
      "bforsek"
    ],
    "content_type": [
      "products",
      "category"
    ],
    "object_id": "11",
    "object_repr": "canned",
    "action_flag": 1,
    "change_message": "[{\"added\": {}}]"
  }
},
{
  "model": "admin.logentry",
  "pk": 17,
  "fields": {
    "action_time": "2021-07-20T12:26:38.782Z",
    "user": [
      "bforsek"
    ],
    "content_type": [
      "products",
      "manufacturer"
    ],
    "object_id": "3",
    "object_repr": "atlantic_group",
    "action_flag": 1,
    "change_message": "[{\"added\": {}}]"
  }
},
{
  "model": "admin.logentry",
  "pk": 18,
  "fields": {
    "action_time": "2021-07-20T12:26:47.924Z",
    "user": [
      "bforsek"
    ],
    "content_type": [
      "products",
      "product"
    ],
    "object_id": "2",
    "object_repr": "Argeta Pate - Chicken",
    "action_flag": 1,
    "change_message": "[{\"added\": {}}]"
  }
},
{
  "model": "admin.logentry",
  "pk": 19,
  "fields": {
    "action_time": "2021-07-20T13:27:34.196Z",
    "user": [
      "bforsek"
    ],
    "content_type": [
      "products",
      "product"
    ],
    "object_id": "1",
    "object_repr": "Ajvar",
    "action_flag": 2,
    "change_message": "[{\"changed\": {\"fields\": [\"Featured\"]}}]"
  }
},
{
  "model": "admin.logentry",
  "pk": 20,
  "fields": {
    "action_time": "2021-07-20T15:38:59.709Z",
    "user": [
      "bforsek"
    ],
    "content_type": [
      "products",
      "product"
    ],
    "object_id": "3",
    "object_repr": "Argeta pate - Tuna",
    "action_flag": 1,
    "change_message": "[{\"added\": {}}]"
  }
},
{
  "model": "admin.logentry",
  "pk": 21,
  "fields": {
    "action_time": "2021-07-20T15:40:34.981Z",
    "user": [
      "bforsek"
    ],
    "content_type": [
      "products",
      "manufacturer"
    ],
    "object_id": "4",
    "object_repr": "coca_cola",
    "action_flag": 1,
    "change_message": "[{\"added\": {}}]"
  }
},
{
  "model": "admin.logentry",
  "pk": 22,
  "fields": {
    "action_time": "2021-07-20T15:40:48.078Z",
    "user": [
      "bforsek"
    ],
    "content_type": [
      "products",
      "product"
    ],
    "object_id": "4",
    "object_repr": "Cappy Orange Juice",
    "action_flag": 1,
    "change_message": "[{\"added\": {}}]"
  }
},
{
  "model": "admin.logentry",
  "pk": 23,
  "fields": {
    "action_time": "2021-07-20T15:42:48.436Z",
    "user": [
      "bforsek"
    ],
    "content_type": [
      "products",
      "manufacturer"
    ],
    "object_id": "5",
    "object_repr": "brajlovic",
    "action_flag": 1,
    "change_message": "[{\"added\": {}}]"
  }
},
{
  "model": "admin.logentry",
  "pk": 24,
  "fields": {
    "action_time": "2021-07-20T15:42:58.356Z",
    "user": [
      "bforsek"
    ],
    "content_type": [
      "products",
      "product"
    ],
    "object_id": "5",
    "object_repr": "Banja Luka Cevapcici",
    "action_flag": 1,
    "change_message": "[{\"added\": {}}]"
  }
},
{
  "model": "admin.logentry",
  "pk": 25,
  "fields": {
    "action_time": "2021-07-20T15:44:08.797Z",
    "user": [
      "bforsek"
    ],
    "content_type": [
      "products",
      "manufacturer"
    ],
    "object_id": "6",
    "object_repr": "gavrilovic",
    "action_flag": 1,
    "change_message": "[{\"added\": {}}]"
  }
},
{
  "model": "admin.logentry",
  "pk": 26,
  "fields": {
    "action_time": "2021-07-20T15:44:33.961Z",
    "user": [
      "bforsek"
    ],
    "content_type": [
      "products",
      "product"
    ],
    "object_id": "6",
    "object_repr": "Tea Pate",
    "action_flag": 1,
    "change_message": "[{\"added\": {}}]"
  }
},
{
  "model": "admin.logentry",
  "pk": 27,
  "fields": {
    "action_time": "2021-07-20T15:46:11.709Z",
    "user": [
      "bforsek"
    ],
    "content_type": [
      "products",
      "manufacturer"
    ],
    "object_id": "7",
    "object_repr": "kras",
    "action_flag": 1,
    "change_message": "[{\"added\": {}}]"
  }
},
{
  "model": "admin.logentry",
  "pk": 28,
  "fields": {
    "action_time": "2021-07-20T15:46:20.300Z",
    "user": [
      "bforsek"
    ],
    "content_type": [
      "products",
      "product"
    ],
    "object_id": "7",
    "object_repr": "Jadro Biscuits",
    "action_flag": 1,
    "change_message": "[{\"added\": {}}]"
  }
}
]
