[{"model": "admin.logentry", "pk": 1, "fields": {"action_time": "2021-07-19T21:42:44.495Z", "user": 1, "content_type": 7, "object_id": "1", "object_repr": "croatianshop.example.com", "action_flag": 2, "change_message": "[{\"changed\": {\"fields\": [\"Domain name\", \"Display name\"]}}]"}}, {"model": "admin.logentry", "pk": 2, "fields": {"action_time": "2021-07-20T12:14:16.524Z", "user": 1, "content_type": 13, "object_id": "1", "object_repr": "bakery", "action_flag": 1, "change_message": "[{\"added\": {}}]"}}, {"model": "admin.logentry", "pk": 3, "fields": {"action_time": "2021-07-20T12:14:27.276Z", "user": 1, "content_type": 13, "object_id": "2", "object_repr": "frozen", "action_flag": 1, "change_message": "[{\"added\": {}}]"}}, {"model": "admin.logentry", "pk": 4, "fields": {"action_time": "2021-07-20T12:14:45.852Z", "user": 1, "content_type": 13, "object_id": "3", "object_repr": "juice_soft_drink", "action_flag": 1, "change_message": "[{\"added\": {}}]"}}, {"model": "admin.logentry", "pk": 5, "fields": {"action_time": "2021-07-20T12:14:56.789Z", "user": 1, "content_type": 13, "object_id": "4", "object_repr": "coffee_tea", "action_flag": 1, "change_message": "[{\"added\": {}}]"}}, {"model": "admin.logentry", "pk": 6, "fields": {"action_time": "2021-07-20T12:15:09.470Z", "user": 1, "content_type": 13, "object_id": "5", "object_repr": "sweet_snack", "action_flag": 1, "change_message": "[{\"added\": {}}]"}}, {"model": "admin.logentry", "pk": 7, "fields": {"action_time": "2021-07-20T12:15:27.245Z", "user": 1, "content_type": 13, "object_id": "6", "object_repr": "meat_sausage", "action_flag": 1, "change_message": "[{\"added\": {}}]"}}, {"model": "admin.logentry", "pk": 8, "fields": {"action_time": "2021-07-20T12:15:34.309Z", "user": 1, "content_type": 13, "object_id": "7", "object_repr": "cheese", "action_flag": 1, "change_message": "[{\"added\": {}}]"}}, {"model": "admin.logentry", "pk": 9, "fields": {"action_time": "2021-07-20T12:15:42.370Z", "user": 1, "content_type": 13, "object_id": "8", "object_repr": "condiments", "action_flag": 1, "change_message": "[{\"added\": {}}]"}}, {"model": "admin.logentry", "pk": 10, "fields": {"action_time": "2021-07-20T12:15:48.245Z", "user": 1, "content_type": 13, "object_id": "9", "object_repr": "pasta", "action_flag": 1, "change_message": "[{\"added\": {}}]"}}, {"model": "admin.logentry", "pk": 11, "fields": {"action_time": "2021-07-20T12:15:57.634Z", "user": 1, "content_type": 13, "object_id": "10", "object_repr": "dairy", "action_flag": 1, "change_message": "[{\"added\": {}}]"}}, {"model": "admin.logentry", "pk": 12, "fields": {"action_time": "2021-07-20T12:20:46.113Z", "user": 1, "content_type": 15, "object_id": "1", "object_repr": "podravka", "action_flag": 1, "change_message": "[{\"added\": {}}]"}}, {"model": "admin.logentry", "pk": 13, "fields": {"action_time": "2021-07-20T12:20:51.087Z", "user": 1, "content_type": 15, "object_id": "2", "object_repr": "klas", "action_flag": 1, "change_message": "[{\"added\": {}}]"}}, {"model": "admin.logentry", "pk": 14, "fields": {"action_time": "2021-07-20T12:24:44.198Z", "user": 1, "content_type": 14, "object_id": "1", "object_repr": "Ajvar", "action_flag": 1, "change_message": "[{\"added\": {}}]"}}, {"model": "admin.logentry", "pk": 15, "fields": {"action_time": "2021-07-20T12:24:48.326Z", "user": 1, "content_type": 14, "object_id": "1", "object_repr": "Ajvar", "action_flag": 2, "change_message": "[]"}}, {"model": "admin.logentry", "pk": 16, "fields": {"action_time": "2021-07-20T12:25:34.400Z", "user": 1, "content_type": 13, "object_id": "11", "object_repr": "canned", "action_flag": 1, "change_message": "[{\"added\": {}}]"}}, {"model": "admin.logentry", "pk": 17, "fields": {"action_time": "2021-07-20T12:26:38.782Z", "user": 1, "content_type": 15, "object_id": "3", "object_repr": "atlantic_group", "action_flag": 1, "change_message": "[{\"added\": {}}]"}}, {"model": "admin.logentry", "pk": 18, "fields": {"action_time": "2021-07-20T12:26:47.924Z", "user": 1, "content_type": 14, "object_id": "2", "object_repr": "Argeta Pate - Chicken", "action_flag": 1, "change_message": "[{\"added\": {}}]"}}, {"model": "admin.logentry", "pk": 19, "fields": {"action_time": "2021-07-20T13:27:34.196Z", "user": 1, "content_type": 14, "object_id": "1", "object_repr": "Ajvar", "action_flag": 2, "change_message": "[{\"changed\": {\"fields\": [\"Featured\"]}}]"}}, {"model": "admin.logentry", "pk": 20, "fields": {"action_time": "2021-07-20T15:38:59.709Z", "user": 1, "content_type": 14, "object_id": "3", "object_repr": "Argeta pate - Tuna", "action_flag": 1, "change_message": "[{\"added\": {}}]"}}, {"model": "admin.logentry", "pk": 21, "fields": {"action_time": "2021-07-20T15:40:34.981Z", "user": 1, "content_type": 15, "object_id": "4", "object_repr": "coca_cola", "action_flag": 1, "change_message": "[{\"added\": {}}]"}}, {"model": "admin.logentry", "pk": 22, "fields": {"action_time": "2021-07-20T15:40:48.078Z", "user": 1, "content_type": 14, "object_id": "4", "object_repr": "Cappy Orange Juice", "action_flag": 1, "change_message": "[{\"added\": {}}]"}}, {"model": "admin.logentry", "pk": 23, "fields": {"action_time": "2021-07-20T15:42:48.436Z", "user": 1, "content_type": 15, "object_id": "5", "object_repr": "brajlovic", "action_flag": 1, "change_message": "[{\"added\": {}}]"}}, {"model": "admin.logentry", "pk": 24, "fields": {"action_time": "2021-07-20T15:42:58.356Z", "user": 1, "content_type": 14, "object_id": "5", "object_repr": "Banja Luka Cevapcici", "action_flag": 1, "change_message": "[{\"added\": {}}]"}}, {"model": "admin.logentry", "pk": 25, "fields": {"action_time": "2021-07-20T15:44:08.797Z", "user": 1, "content_type": 15, "object_id": "6", "object_repr": "gavrilovic", "action_flag": 1, "change_message": "[{\"added\": {}}]"}}, {"model": "admin.logentry", "pk": 26, "fields": {"action_time": "2021-07-20T15:44:33.961Z", "user": 1, "content_type": 14, "object_id": "6", "object_repr": "Tea Pate", "action_flag": 1, "change_message": "[{\"added\": {}}]"}}, {"model": "admin.logentry", "pk": 27, "fields": {"action_time": "2021-07-20T15:46:11.709Z", "user": 1, "content_type": 15, "object_id": "7", "object_repr": "kras", "action_flag": 1, "change_message": "[{\"added\": {}}]"}}, {"model": "admin.logentry", "pk": 28, "fields": {"action_time": "2021-07-20T15:46:20.300Z", "user": 1, "content_type": 14, "object_id": "7", "object_repr": "Jadro Biscuits", "action_flag": 1, "change_message": "[{\"added\": {}}]"}}, {"model": "admin.logentry", "pk": 29, "fields": {"action_time": "2021-07-21T19:28:53.723Z", "user": 1, "content_type": 14, "object_id": "8", "object_repr": "Jamnica", "action_flag": 1, "change_message": "[{\"added\": {}}]"}}, {"model": "admin.logentry", "pk": 30, "fields": {"action_time": "2021-07-21T19:30:17.144Z", "user": 1, "content_type": 14, "object_id": "9", "object_repr": "Jana Ice Tea", "action_flag": 1, "change_message": "[{\"added\": {}}]"}}, {"model": "admin.logentry", "pk": 31, "fields": {"action_time": "2021-07-21T19:31:24.833Z", "user": 1, "content_type": 15, "object_id": "8", "object_repr": "boromir", "action_flag": 1, "change_message": "[{\"added\": {}}]"}}, {"model": "admin.logentry", "pk": 32, "fields": {"action_time": "2021-07-21T19:31:52.945Z", "user": 1, "content_type": 14, "object_id": "10", "object_repr": "Cake Base", "action_flag": 1, "change_message": "[{\"added\": {}}]"}}, {"model": "admin.logentry", "pk": 33, "fields": {"action_time": "2021-07-21T19:33:10.660Z", "user": 1, "content_type": 14, "object_id": "11", "object_repr": "Biscotti", "action_flag": 1, "change_message": "[{\"added\": {}}]"}}, {"model": "admin.logentry", "pk": 34, "fields": {"action_time": "2021-07-21T19:35:00.404Z", "user": 1, "content_type": 14, "object_id": "12", "object_repr": "Cevapcici - Sarajevo", "action_flag": 1, "change_message": "[{\"added\": {}}]"}}, {"model": "admin.logentry", "pk": 35, "fields": {"action_time": "2021-07-21T19:36:34.699Z", "user": 1, "content_type": 14, "object_id": "13", "object_repr": "Smoked Meat", "action_flag": 1, "change_message": "[{\"added\": {}}]"}}, {"model": "admin.logentry", "pk": 36, "fields": {"action_time": "2021-07-21T19:40:40.063Z", "user": 1, "content_type": 14, "object_id": "14", "object_repr": "Sudjuk - mild", "action_flag": 1, "change_message": "[{\"added\": {}}]"}}, {"model": "admin.logentry", "pk": 37, "fields": {"action_time": "2021-07-21T19:42:00.304Z", "user": 1, "content_type": 15, "object_id": "9", "object_repr": "dukat", "action_flag": 1, "change_message": "[{\"added\": {}}]"}}, {"model": "admin.logentry", "pk": 38, "fields": {"action_time": "2021-07-21T19:42:12.185Z", "user": 1, "content_type": 14, "object_id": "15", "object_repr": "Dukatela", "action_flag": 1, "change_message": "[{\"added\": {}}]"}}, {"model": "admin.logentry", "pk": 39, "fields": {"action_time": "2021-07-21T19:44:41.270Z", "user": 1, "content_type": 15, "object_id": "10", "object_repr": "franck", "action_flag": 1, "change_message": "[{\"added\": {}}]"}}, {"model": "admin.logentry", "pk": 40, "fields": {"action_time": "2021-07-21T19:44:56.082Z", "user": 1, "content_type": 14, "object_id": "16", "object_repr": "Cappuccino", "action_flag": 1, "change_message": "[{\"added\": {}}]"}}, {"model": "admin.logentry", "pk": 41, "fields": {"action_time": "2021-07-21T19:46:35.001Z", "user": 1, "content_type": 14, "object_id": "17", "object_repr": "Turkish Coffee", "action_flag": 1, "change_message": "[{\"added\": {}}]"}}, {"model": "admin.logentry", "pk": 42, "fields": {"action_time": "2021-07-21T21:40:04.101Z", "user": 1, "content_type": 14, "object_id": "18", "object_repr": "Camomile Tea", "action_flag": 1, "change_message": "[{\"added\": {}}]"}}, {"model": "admin.logentry", "pk": 43, "fields": {"action_time": "2021-07-21T21:41:46.188Z", "user": 1, "content_type": 14, "object_id": "19", "object_repr": "Forest berry tea", "action_flag": 1, "change_message": "[{\"added\": {}}]"}}, {"model": "admin.logentry", "pk": 44, "fields": {"action_time": "2021-07-21T21:42:46.192Z", "user": 1, "content_type": 14, "object_id": "20", "object_repr": "Chicken Pate", "action_flag": 1, "change_message": "[{\"added\": {}}]"}}, {"model": "admin.logentry", "pk": 45, "fields": {"action_time": "2021-07-21T21:43:57.033Z", "user": 1, "content_type": 14, "object_id": "21", "object_repr": "Ham with black currant", "action_flag": 1, "change_message": "[{\"added\": {}}]"}}, {"model": "admin.logentry", "pk": 46, "fields": {"action_time": "2021-07-21T21:46:20.096Z", "user": 1, "content_type": 14, "object_id": "22", "object_repr": "Hot Dogs in salty brine", "action_flag": 1, "change_message": "[{\"added\": {}}]"}}, {"model": "admin.logentry", "pk": 47, "fields": {"action_time": "2021-07-21T21:48:12.170Z", "user": 1, "content_type": 14, "object_id": "23", "object_repr": "Spicy Pate", "action_flag": 1, "change_message": "[{\"added\": {}}]"}}, {"model": "admin.logentry", "pk": 48, "fields": {"action_time": "2021-07-21T21:49:23.064Z", "user": 1, "content_type": 14, "object_id": "24", "object_repr": "Budjola", "action_flag": 1, "change_message": "[{\"added\": {}}]"}}, {"model": "admin.logentry", "pk": 49, "fields": {"action_time": "2021-07-21T21:50:37.072Z", "user": 1, "content_type": 15, "object_id": "11", "object_repr": "klara", "action_flag": 1, "change_message": "[{\"added\": {}}]"}}, {"model": "admin.logentry", "pk": 50, "fields": {"action_time": "2021-07-21T21:50:47.927Z", "user": 1, "content_type": 14, "object_id": "25", "object_repr": "Toast Cracker", "action_flag": 1, "change_message": "[{\"added\": {}}]"}}, {"model": "admin.logentry", "pk": 51, "fields": {"action_time": "2021-07-21T21:51:43.727Z", "user": 1, "content_type": 14, "object_id": "26", "object_repr": "Somun Bread", "action_flag": 1, "change_message": "[{\"added\": {}}]"}}, {"model": "admin.logentry", "pk": 52, "fields": {"action_time": "2021-07-21T21:52:51.769Z", "user": 1, "content_type": 14, "object_id": "27", "object_repr": "Polenta", "action_flag": 1, "change_message": "[{\"added\": {}}]"}}, {"model": "admin.logentry", "pk": 53, "fields": {"action_time": "2021-07-21T21:53:57.737Z", "user": 1, "content_type": 14, "object_id": "28", "object_repr": "Macarons", "action_flag": 1, "change_message": "[{\"added\": {}}]"}}, {"model": "admin.logentry", "pk": 54, "fields": {"action_time": "2021-07-21T21:54:59.865Z", "user": 1, "content_type": 14, "object_id": "29", "object_repr": "Spaghetti", "action_flag": 1, "change_message": "[{\"added\": {}}]"}}, {"model": "admin.logentry", "pk": 55, "fields": {"action_time": "2021-07-21T21:56:12.819Z", "user": 1, "content_type": 14, "object_id": "30", "object_repr": "Bajadera", "action_flag": 1, "change_message": "[{\"added\": {}}]"}}, {"model": "admin.logentry", "pk": 56, "fields": {"action_time": "2021-07-21T21:56:56.014Z", "user": 1, "content_type": 14, "object_id": "31", "object_repr": "Dorina Rice", "action_flag": 1, "change_message": "[{\"added\": {}}]"}}, {"model": "admin.logentry", "pk": 57, "fields": {"action_time": "2021-07-21T21:57:56.434Z", "user": 1, "content_type": 14, "object_id": "1", "object_repr": "Ajvar", "action_flag": 2, "change_message": "[{\"changed\": {\"fields\": [\"Image\"]}}]"}}, {"model": "admin.logentry", "pk": 58, "fields": {"action_time": "2021-07-21T21:58:11.169Z", "user": 1, "content_type": 14, "object_id": "1", "object_repr": "Ajvar", "action_flag": 2, "change_message": "[{\"changed\": {\"fields\": [\"Image\"]}}]"}}, {"model": "admin.logentry", "pk": 59, "fields": {"action_time": "2021-07-21T21:58:21.828Z", "user": 1, "content_type": 14, "object_id": "3", "object_repr": "Argeta pate - Tuna", "action_flag": 2, "change_message": "[{\"changed\": {\"fields\": [\"Image\"]}}]"}}, {"model": "admin.logentry", "pk": 60, "fields": {"action_time": "2021-07-21T21:58:47.046Z", "user": 1, "content_type": 14, "object_id": "2", "object_repr": "Argeta Pate - Chicken", "action_flag": 2, "change_message": "[{\"changed\": {\"fields\": [\"Image\"]}}]"}}, {"model": "admin.logentry", "pk": 61, "fields": {"action_time": "2021-07-21T21:59:02.654Z", "user": 1, "content_type": 14, "object_id": "5", "object_repr": "Banja Luka Cevapcici", "action_flag": 2, "change_message": "[{\"changed\": {\"fields\": [\"Image\"]}}]"}}, {"model": "admin.logentry", "pk": 62, "fields": {"action_time": "2021-07-21T21:59:21.320Z", "user": 1, "content_type": 14, "object_id": "4", "object_repr": "Cappy Orange Juice", "action_flag": 2, "change_message": "[{\"changed\": {\"fields\": [\"Image\"]}}]"}}, {"model": "admin.logentry", "pk": 63, "fields": {"action_time": "2021-07-21T21:59:39.402Z", "user": 1, "content_type": 14, "object_id": "7", "object_repr": "Jadro Biscuits", "action_flag": 2, "change_message": "[{\"changed\": {\"fields\": [\"Image\"]}}]"}}, {"model": "admin.logentry", "pk": 64, "fields": {"action_time": "2021-07-21T22:00:31.987Z", "user": 1, "content_type": 14, "object_id": "6", "object_repr": "Tea Pate", "action_flag": 2, "change_message": "[{\"changed\": {\"fields\": [\"Image\"]}}]"}}, {"model": "admin.logentry", "pk": 65, "fields": {"action_time": "2021-07-21T22:01:23.408Z", "user": 1, "content_type": 13, "object_id": "7", "object_repr": "cheese", "action_flag": 3, "change_message": ""}}, {"model": "admin.logentry", "pk": 66, "fields": {"action_time": "2021-07-25T00:43:20.985Z", "user": 1, "content_type": 17, "object_id": "2", "object_repr": "D235E4D50B954A359AB908E881DBA5BE", "action_flag": 3, "change_message": ""}}, {"model": "admin.logentry", "pk": 67, "fields": {"action_time": "2021-07-25T00:44:52.763Z", "user": 1, "content_type": 17, "object_id": "1", "object_repr": "6359AD9A530942F193333E2FA2DD9F95", "action_flag": 2, "change_message": "[{\"deleted\": {\"name\": \"order line item\", \"object\": \"SKU 65463121858456 on order 6359AD9A530942F193333E2FA2DD9F95\"}}]"}}, {"model": "admin.logentry", "pk": 68, "fields": {"action_time": "2021-07-25T00:45:14.597Z", "user": 1, "content_type": 17, "object_id": "1", "object_repr": "6359AD9A530942F193333E2FA2DD9F95", "action_flag": 2, "change_message": "[{\"added\": {\"name\": \"order line item\", \"object\": \"SKU 324897539485739485 on order 6359AD9A530942F193333E2FA2DD9F95\"}}, {\"added\": {\"name\": \"order line item\", \"object\": \"SKU 784654651351684 on order 6359AD9A530942F193333E2FA2DD9F95\"}}]"}}, {"model": "auth.permission", "pk": 1, "fields": {"name": "Can add log entry", "content_type": 1, "codename": "add_logentry"}}, {"model": "auth.permission", "pk": 2, "fields": {"name": "Can change log entry", "content_type": 1, "codename": "change_logentry"}}, {"model": "auth.permission", "pk": 3, "fields": {"name": "Can delete log entry", "content_type": 1, "codename": "delete_logentry"}}, {"model": "auth.permission", "pk": 4, "fields": {"name": "Can view log entry", "content_type": 1, "codename": "view_logentry"}}, {"model": "auth.permission", "pk": 5, "fields": {"name": "Can add permission", "content_type": 2, "codename": "add_permission"}}, {"model": "auth.permission", "pk": 6, "fields": {"name": "Can change permission", "content_type": 2, "codename": "change_permission"}}, {"model": "auth.permission", "pk": 7, "fields": {"name": "Can delete permission", "content_type": 2, "codename": "delete_permission"}}, {"model": "auth.permission", "pk": 8, "fields": {"name": "Can view permission", "content_type": 2, "codename": "view_permission"}}, {"model": "auth.permission", "pk": 9, "fields": {"name": "Can add group", "content_type": 3, "codename": "add_group"}}, {"model": "auth.permission", "pk": 10, "fields": {"name": "Can change group", "content_type": 3, "codename": "change_group"}}, {"model": "auth.permission", "pk": 11, "fields": {"name": "Can delete group", "content_type": 3, "codename": "delete_group"}}, {"model": "auth.permission", "pk": 12, "fields": {"name": "Can view group", "content_type": 3, "codename": "view_group"}}, {"model": "auth.permission", "pk": 13, "fields": {"name": "Can add user", "content_type": 4, "codename": "add_user"}}, {"model": "auth.permission", "pk": 14, "fields": {"name": "Can change user", "content_type": 4, "codename": "change_user"}}, {"model": "auth.permission", "pk": 15, "fields": {"name": "Can delete user", "content_type": 4, "codename": "delete_user"}}, {"model": "auth.permission", "pk": 16, "fields": {"name": "Can view user", "content_type": 4, "codename": "view_user"}}, {"model": "auth.permission", "pk": 17, "fields": {"name": "Can add content type", "content_type": 5, "codename": "add_contenttype"}}, {"model": "auth.permission", "pk": 18, "fields": {"name": "Can change content type", "content_type": 5, "codename": "change_contenttype"}}, {"model": "auth.permission", "pk": 19, "fields": {"name": "Can delete content type", "content_type": 5, "codename": "delete_contenttype"}}, {"model": "auth.permission", "pk": 20, "fields": {"name": "Can view content type", "content_type": 5, "codename": "view_contenttype"}}, {"model": "auth.permission", "pk": 21, "fields": {"name": "Can add session", "content_type": 6, "codename": "add_session"}}, {"model": "auth.permission", "pk": 22, "fields": {"name": "Can change session", "content_type": 6, "codename": "change_session"}}, {"model": "auth.permission", "pk": 23, "fields": {"name": "Can delete session", "content_type": 6, "codename": "delete_session"}}, {"model": "auth.permission", "pk": 24, "fields": {"name": "Can view session", "content_type": 6, "codename": "view_session"}}, {"model": "auth.permission", "pk": 25, "fields": {"name": "Can add site", "content_type": 7, "codename": "add_site"}}, {"model": "auth.permission", "pk": 26, "fields": {"name": "Can change site", "content_type": 7, "codename": "change_site"}}, {"model": "auth.permission", "pk": 27, "fields": {"name": "Can delete site", "content_type": 7, "codename": "delete_site"}}, {"model": "auth.permission", "pk": 28, "fields": {"name": "Can view site", "content_type": 7, "codename": "view_site"}}, {"model": "auth.permission", "pk": 29, "fields": {"name": "Can add email address", "content_type": 8, "codename": "add_emailaddress"}}, {"model": "auth.permission", "pk": 30, "fields": {"name": "Can change email address", "content_type": 8, "codename": "change_emailaddress"}}, {"model": "auth.permission", "pk": 31, "fields": {"name": "Can delete email address", "content_type": 8, "codename": "delete_emailaddress"}}, {"model": "auth.permission", "pk": 32, "fields": {"name": "Can view email address", "content_type": 8, "codename": "view_emailaddress"}}, {"model": "auth.permission", "pk": 33, "fields": {"name": "Can add email confirmation", "content_type": 9, "codename": "add_emailconfirmation"}}, {"model": "auth.permission", "pk": 34, "fields": {"name": "Can change email confirmation", "content_type": 9, "codename": "change_emailconfirmation"}}, {"model": "auth.permission", "pk": 35, "fields": {"name": "Can delete email confirmation", "content_type": 9, "codename": "delete_emailconfirmation"}}, {"model": "auth.permission", "pk": 36, "fields": {"name": "Can view email confirmation", "content_type": 9, "codename": "view_emailconfirmation"}}, {"model": "auth.permission", "pk": 37, "fields": {"name": "Can add social account", "content_type": 10, "codename": "add_socialaccount"}}, {"model": "auth.permission", "pk": 38, "fields": {"name": "Can change social account", "content_type": 10, "codename": "change_socialaccount"}}, {"model": "auth.permission", "pk": 39, "fields": {"name": "Can delete social account", "content_type": 10, "codename": "delete_socialaccount"}}, {"model": "auth.permission", "pk": 40, "fields": {"name": "Can view social account", "content_type": 10, "codename": "view_socialaccount"}}, {"model": "auth.permission", "pk": 41, "fields": {"name": "Can add social application", "content_type": 11, "codename": "add_socialapp"}}, {"model": "auth.permission", "pk": 42, "fields": {"name": "Can change social application", "content_type": 11, "codename": "change_socialapp"}}, {"model": "auth.permission", "pk": 43, "fields": {"name": "Can delete social application", "content_type": 11, "codename": "delete_socialapp"}}, {"model": "auth.permission", "pk": 44, "fields": {"name": "Can view social application", "content_type": 11, "codename": "view_socialapp"}}, {"model": "auth.permission", "pk": 45, "fields": {"name": "Can add social application token", "content_type": 12, "codename": "add_socialtoken"}}, {"model": "auth.permission", "pk": 46, "fields": {"name": "Can change social application token", "content_type": 12, "codename": "change_socialtoken"}}, {"model": "auth.permission", "pk": 47, "fields": {"name": "Can delete social application token", "content_type": 12, "codename": "delete_socialtoken"}}, {"model": "auth.permission", "pk": 48, "fields": {"name": "Can view social application token", "content_type": 12, "codename": "view_socialtoken"}}, {"model": "auth.permission", "pk": 49, "fields": {"name": "Can add category", "content_type": 13, "codename": "add_category"}}, {"model": "auth.permission", "pk": 50, "fields": {"name": "Can change category", "content_type": 13, "codename": "change_category"}}, {"model": "auth.permission", "pk": 51, "fields": {"name": "Can delete category", "content_type": 13, "codename": "delete_category"}}, {"model": "auth.permission", "pk": 52, "fields": {"name": "Can view category", "content_type": 13, "codename": "view_category"}}, {"model": "auth.permission", "pk": 53, "fields": {"name": "Can add product", "content_type": 14, "codename": "add_product"}}, {"model": "auth.permission", "pk": 54, "fields": {"name": "Can change product", "content_type": 14, "codename": "change_product"}}, {"model": "auth.permission", "pk": 55, "fields": {"name": "Can delete product", "content_type": 14, "codename": "delete_product"}}, {"model": "auth.permission", "pk": 56, "fields": {"name": "Can view product", "content_type": 14, "codename": "view_product"}}, {"model": "auth.permission", "pk": 57, "fields": {"name": "Can add manufacturer", "content_type": 15, "codename": "add_manufacturer"}}, {"model": "auth.permission", "pk": 58, "fields": {"name": "Can change manufacturer", "content_type": 15, "codename": "change_manufacturer"}}, {"model": "auth.permission", "pk": 59, "fields": {"name": "Can delete manufacturer", "content_type": 15, "codename": "delete_manufacturer"}}, {"model": "auth.permission", "pk": 60, "fields": {"name": "Can view manufacturer", "content_type": 15, "codename": "view_manufacturer"}}, {"model": "auth.permission", "pk": 61, "fields": {"name": "Can add order line item", "content_type": 16, "codename": "add_orderlineitem"}}, {"model": "auth.permission", "pk": 62, "fields": {"name": "Can change order line item", "content_type": 16, "codename": "change_orderlineitem"}}, {"model": "auth.permission", "pk": 63, "fields": {"name": "Can delete order line item", "content_type": 16, "codename": "delete_orderlineitem"}}, {"model": "auth.permission", "pk": 64, "fields": {"name": "Can view order line item", "content_type": 16, "codename": "view_orderlineitem"}}, {"model": "auth.permission", "pk": 65, "fields": {"name": "Can add order", "content_type": 17, "codename": "add_order"}}, {"model": "auth.permission", "pk": 66, "fields": {"name": "Can change order", "content_type": 17, "codename": "change_order"}}, {"model": "auth.permission", "pk": 67, "fields": {"name": "Can delete order", "content_type": 17, "codename": "delete_order"}}, {"model": "auth.permission", "pk": 68, "fields": {"name": "Can view order", "content_type": 17, "codename": "view_order"}}, {"model": "auth.permission", "pk": 69, "fields": {"name": "Can add user profile", "content_type": 18, "codename": "add_userprofile"}}, {"model": "auth.permission", "pk": 70, "fields": {"name": "Can change user profile", "content_type": 18, "codename": "change_userprofile"}}, {"model": "auth.permission", "pk": 71, "fields": {"name": "Can delete user profile", "content_type": 18, "codename": "delete_userprofile"}}, {"model": "auth.permission", "pk": 72, "fields": {"name": "Can view user profile", "content_type": 18, "codename": "view_userprofile"}}, {"model": "auth.user", "pk": 1, "fields": {"password": "pbkdf2_sha256$260000$KjqCPUEntis2YTcm5yW7Pf$2nMLPpew80Y4n0oKQvJAgbkGZw9p4HzygEoqFje4fGs=", "last_login": "2021-07-26T21:46:23.317Z", "is_superuser": true, "username": "bforsek", "first_name": "", "last_name": "", "email": "bforsek@gmail.com", "is_staff": true, "is_active": true, "date_joined": "2021-07-19T21:34:53.845Z", "groups": [], "user_permissions": []}}, {"model": "auth.user", "pk": 2, "fields": {"password": "pbkdf2_sha256$260000$4N8HOzyezoKvPE2xxZR4vT$zYGjwz7AbwKptsOqHUbiqgSdabrmXzEA/hQNY+/mXq8=", "last_login": "2021-07-25T22:12:30.125Z", "is_superuser": false, "username": "bowets", "first_name": "", "last_name": "", "email": "bowets@gmail.com", "is_staff": false, "is_active": true, "date_joined": "2021-07-25T22:12:13.528Z", "groups": [], "user_permissions": []}}, {"model": "contenttypes.contenttype", "pk": 1, "fields": {"app_label": "admin", "model": "logentry"}}, {"model": "contenttypes.contenttype", "pk": 2, "fields": {"app_label": "auth", "model": "permission"}}, {"model": "contenttypes.contenttype", "pk": 3, "fields": {"app_label": "auth", "model": "group"}}, {"model": "contenttypes.contenttype", "pk": 4, "fields": {"app_label": "auth", "model": "user"}}, {"model": "contenttypes.contenttype", "pk": 5, "fields": {"app_label": "contenttypes", "model": "contenttype"}}, {"model": "contenttypes.contenttype", "pk": 6, "fields": {"app_label": "sessions", "model": "session"}}, {"model": "contenttypes.contenttype", "pk": 7, "fields": {"app_label": "sites", "model": "site"}}, {"model": "contenttypes.contenttype", "pk": 8, "fields": {"app_label": "account", "model": "emailaddress"}}, {"model": "contenttypes.contenttype", "pk": 9, "fields": {"app_label": "account", "model": "emailconfirmation"}}, {"model": "contenttypes.contenttype", "pk": 10, "fields": {"app_label": "socialaccount", "model": "socialaccount"}}, {"model": "contenttypes.contenttype", "pk": 11, "fields": {"app_label": "socialaccount", "model": "socialapp"}}, {"model": "contenttypes.contenttype", "pk": 12, "fields": {"app_label": "socialaccount", "model": "socialtoken"}}, {"model": "contenttypes.contenttype", "pk": 13, "fields": {"app_label": "products", "model": "category"}}, {"model": "contenttypes.contenttype", "pk": 14, "fields": {"app_label": "products", "model": "product"}}, {"model": "contenttypes.contenttype", "pk": 15, "fields": {"app_label": "products", "model": "manufacturer"}}, {"model": "contenttypes.contenttype", "pk": 16, "fields": {"app_label": "purchase", "model": "orderlineitem"}}, {"model": "contenttypes.contenttype", "pk": 17, "fields": {"app_label": "purchase", "model": "order"}}, {"model": "contenttypes.contenttype", "pk": 18, "fields": {"app_label": "profiles", "model": "userprofile"}}, {"model": "sessions.session", "pk": "2btbawvxmcbd1s7ptm48hs1njlt2x8w1", "fields": {"session_data": ".eJxVjDsOgzAQRO-yNbL85eMyfc5gLfY6kERGMiYN4u4xEkVSjTTz5u3gcCuT21bKbg5gQUDz243oX5TOITwxPRbml1TyPLITYde6svsS6H272D_BhOtU30oqZUhLE_mI1A2KoiCjWxTEhenQ-F4OUcq-9URIUhgvOLba9xiIK12lK37IzSkuYEveqAGPuYDdqxusaECpGsfxBYudQ4E:1m8Tcr:Y8Lgj7v8lunwScUksYZmOUR2bUGFye_hVNENMrXKGJc", "expire_date": "2021-08-10T20:24:29.611Z"}}, {"model": "sessions.session", "pk": "7zi4y97tarn7co89cntqk24oftnurq82", "fields": {"session_data": ".eJxVjMEOgjAQRP9lz6Tpbilgj979BrK0i1QNGAqJhvDvguGgp8nMm5kFap6nrp6TjHUM4AAh-80a9nfpdxBu3F8H5Yd-GmOj9oo6aFKXIcjjfHT_DjpO3bY2ZIyVnGyrG5byZKRFsXnBKBptydZXdGqJqsKLsBBaj5qL3FccRJt8P02SUhz6Wl7POL7B6Qw8jxO4BQw4rDLAYlPMgMDR5vArRm_hun4AISNIXA:1m72rZ:X24O7-KJFkEk-sf5P70nIIxiMJOZL5TVUrymhRi7ewQ", "expire_date": "2021-08-06T21:37:45.746Z"}}, {"model": "sessions.session", "pk": "csl3wn28psppflhuzhs1nj4ihqb76494", "fields": {"session_data": ".eJxVjDsOgzAQRO-yNbL8BeMyfc5gLWYdSCJbwpAGcfcYiSKpnjRvZnbwuK2T3wotfh7BgYDmNxswvCidYnxiemQWclqXeWBnhV22sHse6X27un8HE5aprpVUypCWJvIBqesVRUFGtyiIC9OhCVb2UUrbBiIkKUwQHFsdLI7Ela6nBT_k5xQzuIjvQg0EXFZwOyhwogEhwakKW3EcX2ZfRN8:1m7duM:NQvVscgix-chTrqLICD_vd0yMTIjQYsddBJrRizke8U", "expire_date": "2021-08-08T13:11:06.481Z"}}, {"model": "sessions.session", "pk": "n2mcozj5fst0xwrvycnceidqnxtgjo0i", "fields": {"session_data": ".eJxVjMsOwiAQRf-FtSHM8Ch16d5vIAMMUjU0Ke3K-O_apAvd3nPOfYlA21rD1nkJUxZnAeL0u0VKD247yHdqt1mmua3LFOWuyIN2eZ0zPy-H-3dQqddvrVFrywZtUZF4GDUXYGscASuwA9nkcSyI3iVmYgSbQJEzyVNmpY14fwDUmje8:1m5b1q:m90OihQKYez_neIpghcww_QeN0VCN3QAYdjORuTAFrQ", "expire_date": "2021-08-02T21:42:22.768Z"}}, {"model": "sessions.session", "pk": "tizy07gv4etkelk9s61fce5ndp7jf9w6", "fields": {"session_data": "eyJjYXJ0Ijp7IjIiOjF9fQ:1m73gy:-Nrg92PQWcYox6r6HEJUMUsd_a7hQGxnzsodnA3VJmQ", "expire_date": "2021-08-06T22:30:52.303Z"}}, {"model": "sites.site", "pk": 1, "fields": {"domain": "croatianshop.example.com", "name": "Croatian Food Shop"}}, {"model": "account.emailaddress", "pk": 1, "fields": {"user": 1, "email": "bforsek@gmail.com", "verified": true, "primary": true}}, {"model": "account.emailaddress", "pk": 2, "fields": {"user": 2, "email": "bowets@gmail.com", "verified": true, "primary": true}}, {"model": "products.category", "pk": 1, "fields": {"name": "bakery", "friendly_name": "Bakery"}}, {"model": "products.category", "pk": 2, "fields": {"name": "frozen", "friendly_name": "Frozen"}}, {"model": "products.category", "pk": 3, "fields": {"name": "juice_soft_drink", "friendly_name": "Juice & Soft Drinks"}}, {"model": "products.category", "pk": 4, "fields": {"name": "coffee_tea", "friendly_name": "Coffee & Tea"}}, {"model": "products.category", "pk": 5, "fields": {"name": "sweet_snack", "friendly_name": "Sweets & Snacks"}}, {"model": "products.category", "pk": 6, "fields": {"name": "meat_sausage", "friendly_name": "Meats & Sausages"}}, {"model": "products.category", "pk": 8, "fields": {"name": "condiments", "friendly_name": "Condiments"}}, {"model": "products.category", "pk": 9, "fields": {"name": "pasta", "friendly_name": "Pasta"}}, {"model": "products.category", "pk": 10, "fields": {"name": "dairy", "friendly_name": "Dairy"}}, {"model": "products.category", "pk": 11, "fields": {"name": "canned", "friendly_name": "Canned Food"}}, {"model": "products.product", "pk": 1, "fields": {"category": 8, "sku": "52115435215546", "name": "Ajvar", "description": "Podravka ajvar, made from red bell peppers with garlic and eggplant. Mild", "manufacturer": 1, "price": "2.50", "image_url": null, "image": "ajvar_ExZg3w9.jpg", "featured": true}}, {"model": "products.product", "pk": 2, "fields": {"category": 11, "sku": "65463121858456", "name": "Argeta Pate - Chicken", "description": "Chicken pate made from carefully selected chicken meat.", "manufacturer": 3, "price": "1.35", "image_url": null, "image": "argeta_pileca_ZNouW9n.jpg", "featured": false}}, {"model": "products.product", "pk": 3, "fields": {"category": 11, "sku": "56132135446841", "name": "Argeta pate - Tuna", "description": "Argeta Pate made from the best tuna. \r\nNo preservatives\r\nNo artificial colors\r\nGluten free", "manufacturer": 3, "price": "1.35", "image_url": null, "image": "argeta_tuna_wXFBeEW.png", "featured": false}}, {"model": "products.product", "pk": 4, "fields": {"category": 3, "sku": "5648423213154654", "name": "Cappy Orange Juice", "description": "100% Orange juice. \r\nMade from pure squeezed oranges and not from concentrate\r\nNo added sugar.", "manufacturer": 4, "price": "2.00", "image_url": null, "image": "cappy_naranca_fLDjc3g.jpg", "featured": true}}, {"model": "products.product", "pk": 5, "fields": {"category": 6, "sku": "784654651351684", "name": "Banja Luka Cevapcici", "description": "Made from the original Banja Luka recipe, these cevapcici will tingle your taste buds. \r\nMade from 100% port meat", "manufacturer": 5, "price": "3.99", "image_url": null, "image": "cevapcici_IBWNQcR.jpg", "featured": false}}, {"model": "products.product", "pk": 6, "fields": {"category": 11, "sku": "9564321315313", "name": "Tea Pate", "description": "The Gavrilovic tea pate is a popular breakfast spread.\r\nThis one has a bit of a kick.", "manufacturer": 6, "price": "1.35", "image_url": null, "image": "gavrilovic_pasteta_pikant_e2rs7AE.jpg", "featured": false}}, {"model": "products.product", "pk": 7, "fields": {"category": 5, "sku": "21351351381321", "name": "Jadro Biscuits", "description": "Jadro biscuits are famous in Croatia. \r\nThis is their new coconut and chocolate flavor ready to be enjoyed by the whole family.", "manufacturer": 7, "price": "2.50", "image_url": null, "image": "jadro_2PUvaIE.jpg", "featured": false}}, {"model": "products.product", "pk": 8, "fields": {"category": 3, "sku": "494651351381638", "name": "Jamnica", "description": "The most refreshing sparkling water you will ever taste. It comes from the deepest springs and is naturally carbonated.", "manufacturer": 3, "price": "2.00", "image_url": null, "image": "atlantic_group_juice_jamnica_OLMJ28b.jpg", "featured": true}}, {"model": "products.product", "pk": 9, "fields": {"category": 3, "sku": "98465135138313", "name": "Jana Ice Tea", "description": "Jana is the biggest brand of bottled water in Croatia and their Ice Tea is better than anything you have ever tasted. Add it to your cart and give it a try.", "manufacturer": 3, "price": "1.50", "image_url": null, "image": "atlantic_group_juice_jana_tea_KOYgGoT.jpg", "featured": false}}, {"model": "products.product", "pk": 10, "fields": {"category": 1, "sku": "894135131381351", "name": "Cake Base", "description": "So you want to bake a cake? \r\nWhy slave over a stove when you can get everything already made by the best bakers in the country. \r\nJust add your toppings and you're golden!", "manufacturer": 8, "price": "3.50", "image_url": null, "image": "boromir_cake_base_mrQPPYV.png", "featured": false}}, {"model": "products.product", "pk": 11, "fields": {"category": 1, "sku": "684351381316381", "name": "Biscotti", "description": "Are you making tiramisu? Maybe a little peckish and have a sweet tooth? \r\nYou need to have some biscotti around at all times and give in to those cravings.", "manufacturer": 8, "price": "3.20", "image_url": null, "image": "boromir_piskoti_2H9cVdu.jpg", "featured": false}}, {"model": "products.product", "pk": 12, "fields": {"category": 2, "sku": "784651351381", "name": "Cevapcici - Sarajevo", "description": "They go by many names, but cevapcici are not just a local delicacy in Bosnia, Croatia, Serbia, etc. \r\nThey are a way of life. When you're sad, have cevapi, when you're happy, have cevapi, when you're bored, have cevapi... \r\nJust have cevapi.", "manufacturer": 5, "price": "3.50", "image_url": null, "image": "brajlovic_frozen_cevapcici_sarajevski_Wu3FYjv.png", "featured": false}}, {"model": "products.product", "pk": 13, "fields": {"category": 6, "sku": "65138138138131", "name": "Smoked Meat", "description": "It's just generic smoked meat. If you don't have any at home, you better get some. \r\nYou never know when your 4th cousins will pop in for visit from Canada.", "manufacturer": 5, "price": "4.00", "image_url": null, "image": "brajlovic_meat_smoked_meat_Sjf0n7E.jpg", "featured": false}}, {"model": "products.product", "pk": 14, "fields": {"category": 6, "sku": "79841651681351", "name": "Sudjuk - mild", "description": "It tastes amazing! But even if you don't like the taste, the smell of this sausage will take you back to the time when your grandma though you were just skin and bones and force fed it to you.", "manufacturer": 5, "price": "4.50", "image_url": null, "image": "brajlovic_sausage_sudzuk_TW9dk7j.jpg", "featured": false}}, {"model": "products.product", "pk": 15, "fields": {"category": 10, "sku": "335168135181351", "name": "Dukatela", "description": "An essential part of a full Croatian breakfast. It's not Philadelphia, it's better.", "manufacturer": 9, "price": "2.00", "image_url": null, "image": "dukat_cheese_dukatela_lWyBAHK.png", "featured": false}}, {"model": "products.product", "pk": 16, "fields": {"category": 4, "sku": "6513138135131381", "name": "Cappuccino", "description": "There is nothing more Croatian than spending 4 hours in a local cafe sipping one cup of coffee. \r\nNow, you can do that at home too.", "manufacturer": 10, "price": "5.00", "image_url": null, "image": "franck_coffee_classic_S8BBZzM.jpg", "featured": false}}, {"model": "products.product", "pk": 17, "fields": {"category": 4, "sku": "3485613813813531", "name": "Turkish Coffee", "description": "Espresso not strong enough? No problem, Francks Turkish coffee will have you wired till next week.", "manufacturer": 10, "price": "4.50", "image_url": null, "image": "franck_coffee_turkish_coffee_JzO38pP.jpg", "featured": false}}, {"model": "products.product", "pk": 18, "fields": {"category": 4, "sku": "3489573498573945", "name": "Camomile Tea", "description": "Ubiquitous in every Croatian pantry, this is the cure for everything.", "manufacturer": 10, "price": "2.35", "image_url": null, "image": "franck_tea_cammomile_7b3iLP2.jpg", "featured": false}}, {"model": "products.product", "pk": 19, "fields": {"category": 4, "sku": "324897539485739485", "name": "Forest berry tea", "description": "A tea with light flavours of forest berries. You will forget where you are and be whisked away to a calm and quiet forest.", "manufacturer": 10, "price": "2.35", "image_url": null, "image": "franck_tea_forest_berries_HJP8o6T.jpg", "featured": false}}, {"model": "products.product", "pk": 20, "fields": {"category": 11, "sku": "34234987983475", "name": "Chicken Pate", "description": "Made from the best quality chicken Gavrilovic Chicken Pate is everyone's favorite breakfast.", "manufacturer": 6, "price": "1.40", "image_url": null, "image": "gavrilovic_chicken_pate_LjaveXS.jpg", "featured": false}}, {"model": "products.product", "pk": 21, "fields": {"category": 11, "sku": "983749587394857", "name": "Ham with black currant", "description": "Canned ham of the finest quality.", "manufacturer": 6, "price": "5.50", "image_url": null, "image": "gavrilovic_ham_zc51y7l.jpg", "featured": false}}, {"model": "products.product", "pk": 22, "fields": {"category": 11, "sku": "239479485734958", "name": "Hot Dogs in salty brine", "description": "Preppers delight.", "manufacturer": 6, "price": "3.45", "image_url": null, "image": "gavrilovic_hot_dogs_9KHtZAs.png", "featured": false}}, {"model": "products.product", "pk": 23, "fields": {"category": 11, "sku": "38475934857398", "name": "Spicy Pate", "description": "Infused with chilli peppers and black pepper corns, this pate is a must try. \r\nMade from the best quality ingredients, it is a delicacy.", "manufacturer": 6, "price": "1.50", "image_url": null, "image": "gavrilovic_pasteta_pikant_Mqkj5Sx.jpg", "featured": false}}, {"model": "products.product", "pk": 24, "fields": {"category": 6, "sku": "34987349587", "name": "Budjola", "description": "Budjola is smoked pork neck and is a delicacy claimed by both Croatia and Italy.", "manufacturer": 6, "price": "3.25", "image_url": null, "image": "gavrilovic_sausage_budola_K85xWRq.jpg", "featured": false}}, {"model": "products.product", "pk": 25, "fields": {"category": 1, "sku": "349587349587345", "name": "Toast Cracker", "description": "A pre toasted toast. For the long commute.", "manufacturer": 11, "price": "3.35", "image_url": null, "image": "klara_dvopek_3FYOJoT.jpg", "featured": false}}, {"model": "products.product", "pk": 26, "fields": {"category": 2, "sku": "394857394875", "name": "Somun Bread", "description": "Somun bread is essential for the best cevapi experience.", "manufacturer": 2, "price": "2.25", "image_url": null, "image": "klas_frozen_sarajevo_somun_fggBna8.jpg", "featured": false}}, {"model": "products.product", "pk": 27, "fields": {"category": 1, "sku": "34587349583475", "name": "Polenta", "description": "A great accompaniment to pork or beef dishes.", "manufacturer": 2, "price": "1.15", "image_url": null, "image": "klas_palenta_pxv7Mwj.jpg", "featured": false}}, {"model": "products.product", "pk": 28, "fields": {"category": 9, "sku": "345983745938475", "name": "Macarons", "description": "Great pasta for mac & cheese or as noodles in stew.", "manufacturer": 2, "price": "2.95", "image_url": null, "image": "klas_tjestenina_puzici_8hY0YwG.jpg", "featured": false}}, {"model": "products.product", "pk": 29, "fields": {"category": 9, "sku": "5463534857394587", "name": "Spaghetti", "description": "Made from the best durum wheat, these should be your no. 1 choice.", "manufacturer": 2, "price": "3.15", "image_url": null, "image": "klas_tjestenina_spageti_JoeiD0q.jpg", "featured": false}}, {"model": "products.product", "pk": 30, "fields": {"category": 5, "sku": "5464535353098", "name": "Bajadera", "description": "The most iconic chocolate box to come out of Kras. \r\nHazel fudge between two slabs of Nutella like chocolate.", "manufacturer": 7, "price": "5.50", "image_url": null, "image": "kras_sweets_bajadera_KCjX0pa.jpeg", "featured": false}}, {"model": "products.product", "pk": 31, "fields": {"category": 5, "sku": "456464536546456", "name": "Dorina Rice", "description": "Milk chocolate with rice. Great taste with half the calories.", "manufacturer": 7, "price": "2.35", "image_url": null, "image": "kras_sweets_dorina_chocolate_7KEDj32.jpeg", "featured": false}}, {"model": "products.product", "pk": 32, "fields": {"category": 1, "sku": "345635453", "name": "Test Product", "description": "This is a test product", "manufacturer": 2, "price": "233.00", "image_url": null, "image": "", "featured": false}}, {"model": "products.product", "pk": 33, "fields": {"category": 1, "sku": null, "name": "Test2", "description": "testing", "manufacturer": 4, "price": "33.00", "image_url": null, "image": "klas_palenta_ut2wscw.jpg", "featured": false}}, {"model": "products.manufacturer", "pk": 1, "fields": {"name": "podravka", "friendly_name": "Podravka"}}, {"model": "products.manufacturer", "pk": 2, "fields": {"name": "klas", "friendly_name": "Klas"}}, {"model": "products.manufacturer", "pk": 3, "fields": {"name": "atlantic_group", "friendly_name": "Atlantic Group"}}, {"model": "products.manufacturer", "pk": 4, "fields": {"name": "coca_cola", "friendly_name": "The Coca-Cola Company"}}, {"model": "products.manufacturer", "pk": 5, "fields": {"name": "brajlovic", "friendly_name": "Brajlovic"}}, {"model": "products.manufacturer", "pk": 6, "fields": {"name": "gavrilovic", "friendly_name": "Gavrilovic"}}, {"model": "products.manufacturer", "pk": 7, "fields": {"name": "kras", "friendly_name": "Kras"}}, {"model": "products.manufacturer", "pk": 8, "fields": {"name": "boromir", "friendly_name": "Boromir"}}, {"model": "products.manufacturer", "pk": 9, "fields": {"name": "dukat", "friendly_name": "Dukat"}}, {"model": "products.manufacturer", "pk": 10, "fields": {"name": "franck", "friendly_name": "Franck"}}, {"model": "products.manufacturer", "pk": 11, "fields": {"name": "klara", "friendly_name": "Klara"}}, {"model": "purchase.order", "pk": 1, "fields": {"order_number": "6359AD9A530942F193333E2FA2DD9F95", "user_profile": null, "full_name": "dada", "email": "dfada@dada.com", "phone_number": "435345345", "country": "aadlkfj", "eircode": "D06G6T5", "town_or_city": "alskdfj", "street_address1": "asdflkajdf", "street_address2": null, "county": "Dublin", "date": "2021-07-25T00:38:23.380Z", "delivery_cost": "0.00", "order_total": "58.18", "grand_total": "58.18", "original_cart": "none", "stripe_pid": "none"}}, {"model": "purchase.order", "pk": 3, "fields": {"order_number": "B68EDDEA3B0B4C14B5144BC1B1DAB22E", "user_profile": null, "full_name": "tssgs", "email": "gsf@sfgs.com", "phone_number": "435345345", "country": "asdfasdf", "eircode": "D06G6T5", "town_or_city": "asdfa", "street_address1": "ads", "street_address2": null, "county": "Dublin", "date": "2021-07-25T00:46:24.803Z", "delivery_cost": "2.40", "order_total": "24.00", "grand_total": "26.40", "original_cart": "none", "stripe_pid": "none"}}, {"model": "purchase.order", "pk": 4, "fields": {"order_number": "5727249EC08C4CF1BB1463D25306E964", "user_profile": null, "full_name": "blabla", "email": "blabla@infor.com", "phone_number": "435345345", "country": "asdfasdf", "eircode": "D06G6T5", "town_or_city": "asdfadsf", "street_address1": "asdfasf", "street_address2": null, "county": "Dublin", "date": "2021-07-25T12:37:50.839Z", "delivery_cost": "0.14", "order_total": "1.35", "grand_total": "1.48", "original_cart": "none", "stripe_pid": "none"}}, {"model": "purchase.order", "pk": 5, "fields": {"order_number": "B258CC039B7643FD87696491B56D83A0", "user_profile": null, "full_name": "asdfa", "email": "asdf@asdfa.com", "phone_number": "435345345", "country": "asdf", "eircode": "d06k5k5", "town_or_city": "asdf", "street_address1": "asdf", "street_address2": null, "county": "Dublin", "date": "2021-07-25T13:34:38.646Z", "delivery_cost": "0.55", "order_total": "5.50", "grand_total": "6.05", "original_cart": "none", "stripe_pid": "none"}}, {"model": "purchase.order", "pk": 6, "fields": {"order_number": "83C99D1FD920437FAC01D46D972E10E2", "user_profile": null, "full_name": "asdf", "email": "asdf@asdfadsf.com", "phone_number": "435345345", "country": "asdfas", "eircode": "d06k5k5", "town_or_city": "asdfa", "street_address1": "asdf", "street_address2": null, "county": "Dublin", "date": "2021-07-25T13:38:32.066Z", "delivery_cost": "0.14", "order_total": "1.35", "grand_total": "1.48", "original_cart": "none", "stripe_pid": "none"}}, {"model": "purchase.order", "pk": 7, "fields": {"order_number": "7F554966B15048ADACA129ACF8A82CE9", "user_profile": null, "full_name": "sdaf", "email": "asdf@asdf.com", "phone_number": "435345345", "country": "asdf", "eircode": "d06k5k5", "town_or_city": "asdfdsa", "street_address1": "asdfasf", "street_address2": null, "county": "Dublin", "date": "2021-07-25T13:42:05.550Z", "delivery_cost": "0.14", "order_total": "1.35", "grand_total": "1.48", "original_cart": "none", "stripe_pid": "none"}}, {"model": "purchase.order", "pk": 8, "fields": {"order_number": "154FD004E4F940129CADB4997837A4EF", "user_profile": null, "full_name": "asdfasf", "email": "asdfaf@asdasdf.com", "phone_number": "435345345", "country": "asdfadsf", "eircode": "d06k5k5", "town_or_city": "asdfasf", "street_address1": "sadfasdf", "street_address2": null, "county": "Dublin", "date": "2021-07-25T13:43:27.137Z", "delivery_cost": "1.30", "order_total": "13.00", "grand_total": "14.30", "original_cart": "none", "stripe_pid": "none"}}, {"model": "purchase.order", "pk": 9, "fields": {"order_number": "2973B4E7A1CB4C578FFBBB85C0917FC9", "user_profile": null, "full_name": "dsafsdf", "email": "asdd@asdf.com", "phone_number": "435345345", "country": "asdfda", "eircode": "asdasd", "town_or_city": "asdfadsf", "street_address1": "asdfasdf", "street_address2": null, "county": "asdfafds", "date": "2021-07-25T13:49:17.202Z", "delivery_cost": "1.40", "order_total": "14.00", "grand_total": "15.40", "original_cart": "none", "stripe_pid": "none"}}, {"model": "purchase.order", "pk": 10, "fields": {"order_number": "8AD8A8F9955648D1A7544AA40A7A7F9B", "user_profile": null, "full_name": "dsafdsf", "email": "asdf@asdf.com", "phone_number": "435345345", "country": "asdf", "eircode": "dfsdf", "town_or_city": "asdf", "street_address1": "asdfads", "street_address2": null, "county": "asdf", "date": "2021-07-25T15:40:26.468Z", "delivery_cost": "0.55", "order_total": "5.50", "grand_total": "6.05", "original_cart": "none", "stripe_pid": "none"}}, {"model": "purchase.order", "pk": 11, "fields": {"order_number": "C362439959B8466385A4B495105D5AB7", "user_profile": null, "full_name": "asdf", "email": "asdf@asdf.com", "phone_number": "23423423", "country": "IE", "eircode": "adsfd", "town_or_city": "asdfas", "street_address1": "asdfasd", "street_address2": null, "county": "adsf", "date": "2021-07-25T16:10:30.754Z", "delivery_cost": "0.14", "order_total": "1.35", "grand_total": "1.48", "original_cart": "none", "stripe_pid": "none"}}, {"model": "purchase.order", "pk": 12, "fields": {"order_number": "EC14638169D74796AE19DB651FB7EA12", "user_profile": null, "full_name": "asdfadfs", "email": "asdf@adsf.com", "phone_number": "23432423", "country": "IE", "eircode": "asdfdfa", "town_or_city": "asdfasdf", "street_address1": "aasdf", "street_address2": null, "county": "asdf", "date": "2021-07-25T16:13:30.920Z", "delivery_cost": "0.25", "order_total": "2.50", "grand_total": "2.75", "original_cart": "none", "stripe_pid": "none"}}, {"model": "purchase.order", "pk": 13, "fields": {"order_number": "C93A5CD7AD8F4BF7B5D04597D041F5E8", "user_profile": null, "full_name": "sadfdsf", "email": "asdf@adsf.com", "phone_number": "34534543", "country": "IE", "eircode": "234234", "town_or_city": "sadfsdf", "street_address1": "asdfadsf", "street_address2": null, "county": "asdfdsf", "date": "2021-07-25T17:19:10.793Z", "delivery_cost": "2.20", "order_total": "22.00", "grand_total": "24.20", "original_cart": "none", "stripe_pid": "none"}}, {"model": "purchase.order", "pk": 14, "fields": {"order_number": "755E1381331C4B75B33CBB543B7FFB74", "user_profile": null, "full_name": "2w3423", "email": "asdf@asdf.com", "phone_number": "2342342", "country": "IE", "eircode": "asdf", "town_or_city": "asdfsd", "street_address1": "asdf", "street_address2": null, "county": "asdf", "date": "2021-07-25T17:21:08.104Z", "delivery_cost": "1.28", "order_total": "12.80", "grand_total": "14.08", "original_cart": "none", "stripe_pid": "none"}}, {"model": "purchase.order", "pk": 15, "fields": {"order_number": "2C6A13F0A8A94880BF6648D4EEB289EA", "user_profile": null, "full_name": "asdfasdf", "email": "asdfasdf@asdf.com", "phone_number": "2344234", "country": "IE", "eircode": "asdf", "town_or_city": "asdfsadf", "street_address1": "asdfsdaf", "street_address2": null, "county": "asdfdsf", "date": "2021-07-25T17:28:03.043Z", "delivery_cost": "1.62", "order_total": "16.25", "grand_total": "17.88", "original_cart": "{\"24\": 5}", "stripe_pid": "pi_1JHB72JCvONQIszN65IchI6T"}}, {"model": "purchase.order", "pk": 16, "fields": {"order_number": "0F2284A7D6B741D2A3936A619D658ACD", "user_profile": null, "full_name": "wwrwer", "email": "wer@asdf.com", "phone_number": "234234324", "country": "IE", "eircode": "asdff", "town_or_city": "sdfsdafsa", "street_address1": "asdfaf", "street_address2": null, "county": "asdfsadf", "date": "2021-07-25T17:30:03.946Z", "delivery_cost": "1.25", "order_total": "12.50", "grand_total": "13.75", "original_cart": "{\"1\": 5}", "stripe_pid": "pi_1JHB8fJCvONQIszNSlKbmhT2"}}, {"model": "purchase.order", "pk": 17, "fields": {"order_number": "B87D3F38732849A2B1D18D7C813D8232", "user_profile": null, "full_name": "345345", "email": "34543@asdf.com", "phone_number": "23423423", "country": "IE", "eircode": "werwe", "town_or_city": "asdfasdf", "street_address1": "asdfwert", "street_address2": null, "county": "ertert", "date": "2021-07-25T17:31:12.050Z", "delivery_cost": "0.54", "order_total": "5.40", "grand_total": "5.94", "original_cart": "{\"3\": 4}", "stripe_pid": "pi_1JHBA2JCvONQIszN3Zm6CF8o"}}, {"model": "purchase.order", "pk": 18, "fields": {"order_number": "214C4C964BD84384A4BB4955CA8D3012", "user_profile": null, "full_name": "234234", "email": "2343@dased.com", "phone_number": "2342", "country": "IE", "eircode": "wer", "town_or_city": "23434", "street_address1": "2342", "street_address2": null, "county": "sadfsdf", "date": "2021-07-25T17:32:51.188Z", "delivery_cost": "0.14", "order_total": "1.35", "grand_total": "1.48", "original_cart": "{\"2\": 1}", "stripe_pid": "pi_1JHBBjJCvONQIszN7ObL53Bb"}}, {"model": "purchase.order", "pk": 19, "fields": {"order_number": "B55866463D73425B866F6D600BFB4483", "user_profile": null, "full_name": "asdfasdf", "email": "asdf@asdf.com", "phone_number": "2342342", "country": "IE", "eircode": "wwefsd", "town_or_city": "sdafasdf", "street_address1": "asdfasdf", "street_address2": null, "county": "asdfsadfd", "date": "2021-07-25T17:37:13.392Z", "delivery_cost": "3.85", "order_total": "38.50", "grand_total": "42.35", "original_cart": "{\"30\": 7}", "stripe_pid": "pi_1JHBFvJCvONQIszNtoUTW9yB"}}, {"model": "purchase.order", "pk": 20, "fields": {"order_number": "219122A40CFC4BAA8EE792B7D6B7C39E", "user_profile": null, "full_name": "asdfa", "email": "asdf@asdfm.com", "phone_number": "23423423", "country": "IE", "eircode": "asdfa", "town_or_city": "asdfasdf", "street_address1": "asdfasfads", "street_address2": null, "county": "sdfasf", "date": "2021-07-25T18:01:46.712Z", "delivery_cost": "2.00", "order_total": "20.00", "grand_total": "22.00", "original_cart": "{\"16\": 4}", "stripe_pid": "pi_1JHBdeJCvONQIszNgDRYoLB0"}}, {"model": "purchase.order", "pk": 21, "fields": {"order_number": "2FEA7DBE74D740CAB2A166DFAFE302F0", "user_profile": null, "full_name": "sdfas", "email": "asdf@asdf.com", "phone_number": "34534543", "country": "IE", "eircode": "asdfd", "town_or_city": "asdfasf", "street_address1": "asdfasdf", "street_address2": null, "county": "asdfsda", "date": "2021-07-25T18:02:51.258Z", "delivery_cost": "2.20", "order_total": "22.00", "grand_total": "24.20", "original_cart": "{\"30\": 4}", "stripe_pid": "pi_1JHBebJCvONQIszNnCFwRHaJ"}}, {"model": "purchase.order", "pk": 22, "fields": {"order_number": "4DBD478A57504B22A1A66D968690D6AB", "user_profile": null, "full_name": "dsafds", "email": "asdf@asdf.com", "phone_number": "234234", "country": "IE", "eircode": "asdf", "town_or_city": "asdgdfg", "street_address1": "kl;jl;kj", "street_address2": null, "county": "jhkjh", "date": "2021-07-25T18:04:29.003Z", "delivery_cost": "1.75", "order_total": "17.50", "grand_total": "19.25", "original_cart": "{\"10\": 5}", "stripe_pid": "pi_1JHBgLJCvONQIszNkJkC6TfA"}}, {"model": "purchase.order", "pk": 23, "fields": {"order_number": "1B21E885D8BF4BB2999C089480B9101A", "user_profile": null, "full_name": "asdf", "email": "asd@asdf.com", "phone_number": "345345", "country": "IE", "eircode": "asdf", "town_or_city": "asdfasdf", "street_address1": "asdfas", "street_address2": null, "county": "asdfd", "date": "2021-07-25T18:06:07.399Z", "delivery_cost": "2.20", "order_total": "22.00", "grand_total": "24.20", "original_cart": "{\"30\": 4}", "stripe_pid": "pi_1JHBhwJCvONQIszNj7mdZect"}}, {"model": "purchase.order", "pk": 24, "fields": {"order_number": "9A2DD9B832DA4C5C8EC8837D49D69A56", "user_profile": null, "full_name": "asdf", "email": "asd@asdf.com", "phone_number": "234232", "country": "IE", "eircode": "asdf", "town_or_city": "asdasdfasdfa", "street_address1": "asdfad", "street_address2": null, "county": "asdffsadf", "date": "2021-07-25T18:07:53.840Z", "delivery_cost": "0.50", "order_total": "5.00", "grand_total": "5.50", "original_cart": "{\"1\": 2}", "stripe_pid": "pi_1JHBjaJCvONQIszNFzd1sslj"}}, {"model": "purchase.order", "pk": 25, "fields": {"order_number": "3CF6C83749EB467B94A89964C4CB4FDE", "user_profile": null, "full_name": "sdfgsd", "email": "sdfggds@asdf.com", "phone_number": "sdfggds", "country": "IE", "eircode": "asdf", "town_or_city": "asdf", "street_address1": "asdfsd", "street_address2": null, "county": "asdf", "date": "2021-07-25T18:12:37.740Z", "delivery_cost": "0.55", "order_total": "5.50", "grand_total": "6.05", "original_cart": "{\"30\": 1}", "stripe_pid": "pi_1JHBo4JCvONQIszNbotGAbvy"}}, {"model": "purchase.order", "pk": 26, "fields": {"order_number": "90F2F3CB5D89435C921D35577F9447C7", "user_profile": null, "full_name": "asdfdaf", "email": "asdf@asd.com", "phone_number": "asdfasd", "country": "GB", "eircode": "asdfadsf", "town_or_city": "asdfsadf", "street_address1": "asdfdas", "street_address2": null, "county": "asdf", "date": "2021-07-25T18:13:58.247Z", "delivery_cost": "1.00", "order_total": "10.00", "grand_total": "11.00", "original_cart": "{\"1\": 4}", "stripe_pid": "pi_1JHBpJJCvONQIszNualIOqnx"}}, {"model": "purchase.order", "pk": 27, "fields": {"order_number": "CDC4163126134F8C9F38313DD25101F9", "user_profile": null, "full_name": "adsfasfa", "email": "asdf@asdf.com", "phone_number": "234234", "country": "IE", "eircode": "asdfaf", "town_or_city": "asdfasdf", "street_address1": "asdfasf", "street_address2": null, "county": "asdfa", "date": "2021-07-25T18:21:21.333Z", "delivery_cost": "0.54", "order_total": "5.40", "grand_total": "5.94", "original_cart": "{\"3\": 4}", "stripe_pid": "pi_1JHBwdJCvONQIszNSKPcllDp"}}, {"model": "purchase.order", "pk": 28, "fields": {"order_number": "5382D1F71557461EA7AB127C1619F5C7", "user_profile": null, "full_name": "asdfa", "email": "asdf@asdf.com", "phone_number": "2423423", "country": "IE", "eircode": "asdf", "town_or_city": "asdf", "street_address1": "asdf", "street_address2": null, "county": "asdf", "date": "2021-07-25T18:22:23.462Z", "delivery_cost": "0.70", "order_total": "7.00", "grand_total": "7.70", "original_cart": "{\"10\": 2}", "stripe_pid": "pi_1JHBxgJCvONQIszNttvoWJ5t"}}, {"model": "purchase.order", "pk": 29, "fields": {"order_number": "254B7C0CA931486BA9FD0CAD3B178E49", "user_profile": null, "full_name": "asdfas", "email": "asdfdas@asdf.com", "phone_number": "234234", "country": "IE", "eircode": "asdf", "town_or_city": "asdf", "street_address1": "asdf", "street_address2": null, "county": "asdf", "date": "2021-07-25T18:23:37.751Z", "delivery_cost": "0.96", "order_total": "9.60", "grand_total": "10.56", "original_cart": "{\"11\": 3}", "stripe_pid": "pi_1JHByqJCvONQIszNU3LYNrqk"}}, {"model": "purchase.order", "pk": 30, "fields": {"order_number": "36C10530D07947DF999ACD4D499F4C66", "user_profile": null, "full_name": "BabaJaga", "email": "babajaga@email.com", "phone_number": "2344534435", "country": "IE", "eircode": "d33kdkj", "town_or_city": "Dublin", "street_address1": "Kenny Street", "street_address2": null, "county": "Dublin", "date": "2021-07-25T19:06:17.076Z", "delivery_cost": "2.96", "order_total": "29.55", "grand_total": "32.50", "original_cart": "{\"16\": 3, \"1\": 3, \"19\": 3}", "stripe_pid": "pi_1JHCdsJCvONQIszNDUlbanP3"}}, {"model": "purchase.order", "pk": 31, "fields": {"order_number": "2F1948A59111460C9967D556623AC4FF", "user_profile": null, "full_name": "BabaJaga", "email": "babajaga@email.com", "phone_number": "2344534435", "country": "IE", "eircode": "d33kdkj", "town_or_city": "Dublin", "street_address1": "Kenny Street", "street_address2": null, "county": "Dublin", "date": "2021-07-25T19:06:22.635Z", "delivery_cost": "2.96", "order_total": "29.55", "grand_total": "32.50", "original_cart": "{\"16\": 3, \"1\": 3, \"19\": 3}", "stripe_pid": "pi_1JHCdsJCvONQIszNDUlbanP3"}}, {"model": "purchase.order", "pk": 32, "fields": {"order_number": "EEB8852DBB3F4521ACF2F5D1D8C78769", "user_profile": null, "full_name": "asadf", "email": "asd@asdf.com", "phone_number": "asdf", "country": "AT", "eircode": "asdf", "town_or_city": "asdf", "street_address1": "asdf", "street_address2": null, "county": "asdf", "date": "2021-07-26T21:45:04.063Z", "delivery_cost": "1.30", "order_total": "13.00", "grand_total": "14.30", "original_cart": "{\"7\": 3, \"30\": 1}", "stripe_pid": "pi_1JHbbLJCvONQIszNVoP4v00R"}}, {"model": "purchase.order", "pk": 33, "fields": {"order_number": "13F22A542154438C9FC225B7B63B36AC", "user_profile": 1, "full_name": "Borna", "email": "bobo@bobo.com", "phone_number": "234234324", "country": "US", "eircode": "34535", "town_or_city": "Brooklyn", "street_address1": "Brooklyn Street", "street_address2": null, "county": "ny", "date": "2021-07-26T21:54:18.436Z", "delivery_cost": "2.68", "order_total": "26.85", "grand_total": "29.54", "original_cart": "{\"3\": 1, \"15\": 4, \"12\": 5}", "stripe_pid": "pi_1JHbjvJCvONQIszNTQ4ucoDR"}}, {"model": "purchase.order", "pk": 34, "fields": {"order_number": "236E4B9A1B2B4CC8905C648A5C4CCA76", "user_profile": 1, "full_name": "asdfasd", "email": "asdf@asdfas.com", "phone_number": "23423534", "country": "BH", "eircode": "23423", "town_or_city": "adsfaf", "street_address1": "asdfasdf", "street_address2": null, "county": "aasdf", "date": "2021-07-26T22:02:31.625Z", "delivery_cost": "0.55", "order_total": "5.50", "grand_total": "6.05", "original_cart": "{\"30\": 1}", "stripe_pid": "pi_1JHbs4JCvONQIszNVZxBeZKO"}}, {"model": "purchase.order", "pk": 35, "fields": {"order_number": "00CD218F937B4045B4799F13B3F2B9FA", "user_profile": 1, "full_name": "Bobo", "email": "bforsek@gmail.com", "phone_number": "23423534", "country": "BH", "eircode": "23423", "town_or_city": "adsfaf", "street_address1": "asdfasdf", "street_address2": null, "county": "aasdf", "date": "2021-07-26T22:35:44.027Z", "delivery_cost": "0.32", "order_total": "3.20", "grand_total": "3.52", "original_cart": "{\"11\": 1}", "stripe_pid": "pi_1JHcOKJCvONQIszNDT5IvZQC"}}, {"model": "purchase.order", "pk": 36, "fields": {"order_number": "D43425728CB2467FA986B0F96951ACBC", "user_profile": 1, "full_name": "adsasd", "email": "bforsek@gmail.com", "phone_number": "('23423534',)", "country": "BH", "eircode": "('23423',)", "town_or_city": "('adsfaf',)", "street_address1": "('asdfasdf',)", "street_address2": "(None,)", "county": "('aasdf',)", "date": "2021-07-26T22:39:16.413Z", "delivery_cost": "0.25", "order_total": "2.50", "grand_total": "2.75", "original_cart": "{\"1\": 1}", "stripe_pid": "pi_1JHcPeJCvONQIszN3DEoyIEM"}}, {"model": "purchase.order", "pk": 37, "fields": {"order_number": "612D65F1B9C84560A488568EC1F793C6", "user_profile": 1, "full_name": "Bobo", "email": "bforsek@gmail.com", "phone_number": "554435655", "country": "GH", "eircode": "234324", "town_or_city": "Balmanana", "street_address1": "This is my street address", "street_address2": "This is the second street address", "county": "Meath", "date": "2021-07-26T23:01:16.901Z", "delivery_cost": "0.24", "order_total": "2.35", "grand_total": "2.58", "original_cart": "{\"31\": 1}", "stripe_pid": "pi_1JHcloJCvONQIszNrgJLjfAb"}}, {"model": "purchase.order", "pk": 38, "fields": {"order_number": "3F4892884731400B85F8440CFD5114EF", "user_profile": 1, "full_name": "Bobo", "email": "bforsek@gmail.com", "phone_number": "554435655", "country": "GH", "eircode": "234324", "town_or_city": "Balmanana", "street_address1": "This is my street address", "street_address2": "This is the second street address", "county": "Meath", "date": "2021-07-26T23:01:22.706Z", "delivery_cost": "0.24", "order_total": "2.35", "grand_total": "2.58", "original_cart": "{\"31\": 1}", "stripe_pid": "pi_1JHcloJCvONQIszNrgJLjfAb"}}, {"model": "purchase.order", "pk": 39, "fields": {"order_number": "25EA0699D2DD4883878A397EB838E5EC", "user_profile": 1, "full_name": "werwr", "email": "bforsek@gmail.com", "phone_number": "('554435655',)", "country": "AX", "eircode": "('234324',)", "town_or_city": "('Balmanana',)", "street_address1": "('This is my street address',)", "street_address2": "('This is the second street address',)", "county": "('Meath',)", "date": "2021-07-26T23:14:04.157Z", "delivery_cost": "0.14", "order_total": "1.35", "grand_total": "1.48", "original_cart": "{\"3\": 1}", "stripe_pid": "pi_1JHcuZJCvONQIszNlRLWrHz5"}}, {"model": "purchase.order", "pk": 40, "fields": {"order_number": "EC433538ECAB4142A9FC4F488B1DCDF0", "user_profile": 1, "full_name": "dfgdfgdfg", "email": "bforsek@gmail.com", "phone_number": "554435655", "country": "BD", "eircode": "234324", "town_or_city": "Balmanana", "street_address1": "This is my street address", "street_address2": "This is the second street address", "county": "Meath", "date": "2021-07-26T23:20:20.030Z", "delivery_cost": "0.27", "order_total": "2.70", "grand_total": "2.97", "original_cart": "{\"3\": 1, \"2\": 1}", "stripe_pid": "pi_1JHd5ZJCvONQIszNb9WpTiSt"}}, {"model": "purchase.order", "pk": 41, "fields": {"order_number": "9AD8C20A7DCB44F6A061CB89577A20D2", "user_profile": 1, "full_name": "rtyrrty", "email": "bforsek@gmail.com", "phone_number": "554435655", "country": "BB", "eircode": "234324", "town_or_city": "Balmanana", "street_address1": "This is my street address", "street_address2": "This is the second street address", "county": "Meath", "date": "2021-07-26T23:23:02.366Z", "delivery_cost": "1.00", "order_total": "10.00", "grand_total": "11.00", "original_cart": "{\"1\": 4}", "stripe_pid": "pi_1JHd8GJCvONQIszNZTiFmiW2"}}, {"model": "purchase.order", "pk": 42, "fields": {"order_number": "4DB82BDCF80B4F6CB941148E750AB546", "user_profile": 1, "full_name": "rada", "email": "bforsek@gmail.com", "phone_number": "554435655", "country": "BB", "eircode": "234324", "town_or_city": "Balmanana", "street_address1": "This is my street address", "street_address2": "This is the second street address", "county": "Meath", "date": "2021-07-26T23:26:00.533Z", "delivery_cost": "0.14", "order_total": "1.35", "grand_total": "1.48", "original_cart": "{\"2\": 1}", "stripe_pid": "pi_1JHdAyJCvONQIszNGSB4ihds"}}, {"model": "purchase.order", "pk": 43, "fields": {"order_number": "61298C986A404298A04586AA8B3A256C", "user_profile": 1, "full_name": "rada", "email": "bforsek@gmail.com", "phone_number": "554435655", "country": "BB", "eircode": "234324", "town_or_city": "Balmanana", "street_address1": "This is my street address", "street_address2": "This is the second street address", "county": "Meath", "date": "2021-07-26T23:26:05.871Z", "delivery_cost": "0.14", "order_total": "1.35", "grand_total": "1.48", "original_cart": "{\"2\": 1}", "stripe_pid": "pi_1JHdAyJCvONQIszNGSB4ihds"}}, {"model": "purchase.orderlineitem", "pk": 2, "fields": {"order": 1, "product": 30, "quantity": 3, "lineitem_total": "16.50"}}, {"model": "purchase.orderlineitem", "pk": 3, "fields": {"order": 1, "product": 16, "quantity": 3, "lineitem_total": "15.00"}}, {"model": "purchase.orderlineitem", "pk": 4, "fields": {"order": 1, "product": 12, "quantity": 4, "lineitem_total": "14.00"}}, {"model": "purchase.orderlineitem", "pk": 9, "fields": {"order": 1, "product": 19, "quantity": 2, "lineitem_total": "4.70"}}, {"model": "purchase.orderlineitem", "pk": 10, "fields": {"order": 1, "product": 5, "quantity": 2, "lineitem_total": "7.98"}}, {"model": "purchase.orderlineitem", "pk": 11, "fields": {"order": 3, "product": 4, "quantity": 1, "lineitem_total": "2.00"}}, {"model": "purchase.orderlineitem", "pk": 12, "fields": {"order": 3, "product": 30, "quantity": 4, "lineitem_total": "22.00"}}, {"model": "purchase.orderlineitem", "pk": 13, "fields": {"order": 4, "product": 2, "quantity": 1, "lineitem_total": "1.35"}}, {"model": "purchase.orderlineitem", "pk": 14, "fields": {"order": 5, "product": 30, "quantity": 1, "lineitem_total": "5.50"}}, {"model": "purchase.orderlineitem", "pk": 15, "fields": {"order": 6, "product": 2, "quantity": 1, "lineitem_total": "1.35"}}, {"model": "purchase.orderlineitem", "pk": 16, "fields": {"order": 7, "product": 2, "quantity": 1, "lineitem_total": "1.35"}}, {"model": "purchase.orderlineitem", "pk": 17, "fields": {"order": 8, "product": 24, "quantity": 4, "lineitem_total": "13.00"}}, {"model": "purchase.orderlineitem", "pk": 18, "fields": {"order": 9, "product": 10, "quantity": 4, "lineitem_total": "14.00"}}, {"model": "purchase.orderlineitem", "pk": 19, "fields": {"order": 10, "product": 30, "quantity": 1, "lineitem_total": "5.50"}}, {"model": "purchase.orderlineitem", "pk": 20, "fields": {"order": 11, "product": 3, "quantity": 1, "lineitem_total": "1.35"}}, {"model": "purchase.orderlineitem", "pk": 21, "fields": {"order": 12, "product": 1, "quantity": 1, "lineitem_total": "2.50"}}, {"model": "purchase.orderlineitem", "pk": 22, "fields": {"order": 13, "product": 30, "quantity": 4, "lineitem_total": "22.00"}}, {"model": "purchase.orderlineitem", "pk": 23, "fields": {"order": 14, "product": 11, "quantity": 4, "lineitem_total": "12.80"}}, {"model": "purchase.orderlineitem", "pk": 24, "fields": {"order": 15, "product": 24, "quantity": 5, "lineitem_total": "16.25"}}, {"model": "purchase.orderlineitem", "pk": 25, "fields": {"order": 16, "product": 1, "quantity": 5, "lineitem_total": "12.50"}}, {"model": "purchase.orderlineitem", "pk": 26, "fields": {"order": 17, "product": 3, "quantity": 4, "lineitem_total": "5.40"}}, {"model": "purchase.orderlineitem", "pk": 27, "fields": {"order": 18, "product": 2, "quantity": 1, "lineitem_total": "1.35"}}, {"model": "purchase.orderlineitem", "pk": 28, "fields": {"order": 19, "product": 30, "quantity": 7, "lineitem_total": "38.50"}}, {"model": "purchase.orderlineitem", "pk": 29, "fields": {"order": 20, "product": 16, "quantity": 4, "lineitem_total": "20.00"}}, {"model": "purchase.orderlineitem", "pk": 30, "fields": {"order": 21, "product": 30, "quantity": 4, "lineitem_total": "22.00"}}, {"model": "purchase.orderlineitem", "pk": 31, "fields": {"order": 22, "product": 10, "quantity": 5, "lineitem_total": "17.50"}}, {"model": "purchase.orderlineitem", "pk": 32, "fields": {"order": 23, "product": 30, "quantity": 4, "lineitem_total": "22.00"}}, {"model": "purchase.orderlineitem", "pk": 33, "fields": {"order": 24, "product": 1, "quantity": 2, "lineitem_total": "5.00"}}, {"model": "purchase.orderlineitem", "pk": 34, "fields": {"order": 25, "product": 30, "quantity": 1, "lineitem_total": "5.50"}}, {"model": "purchase.orderlineitem", "pk": 35, "fields": {"order": 26, "product": 1, "quantity": 4, "lineitem_total": "10.00"}}, {"model": "purchase.orderlineitem", "pk": 36, "fields": {"order": 27, "product": 3, "quantity": 4, "lineitem_total": "5.40"}}, {"model": "purchase.orderlineitem", "pk": 37, "fields": {"order": 28, "product": 10, "quantity": 2, "lineitem_total": "7.00"}}, {"model": "purchase.orderlineitem", "pk": 38, "fields": {"order": 29, "product": 11, "quantity": 3, "lineitem_total": "9.60"}}, {"model": "purchase.orderlineitem", "pk": 39, "fields": {"order": 30, "product": 16, "quantity": 3, "lineitem_total": "15.00"}}, {"model": "purchase.orderlineitem", "pk": 40, "fields": {"order": 30, "product": 1, "quantity": 3, "lineitem_total": "7.50"}}, {"model": "purchase.orderlineitem", "pk": 41, "fields": {"order": 30, "product": 19, "quantity": 3, "lineitem_total": "7.05"}}, {"model": "purchase.orderlineitem", "pk": 42, "fields": {"order": 31, "product": 16, "quantity": 3, "lineitem_total": "15.00"}}, {"model": "purchase.orderlineitem", "pk": 43, "fields": {"order": 31, "product": 1, "quantity": 3, "lineitem_total": "7.50"}}, {"model": "purchase.orderlineitem", "pk": 44, "fields": {"order": 31, "product": 19, "quantity": 3, "lineitem_total": "7.05"}}, {"model": "purchase.orderlineitem", "pk": 45, "fields": {"order": 32, "product": 7, "quantity": 3, "lineitem_total": "7.50"}}, {"model": "purchase.orderlineitem", "pk": 46, "fields": {"order": 32, "product": 30, "quantity": 1, "lineitem_total": "5.50"}}, {"model": "purchase.orderlineitem", "pk": 47, "fields": {"order": 33, "product": 3, "quantity": 1, "lineitem_total": "1.35"}}, {"model": "purchase.orderlineitem", "pk": 48, "fields": {"order": 33, "product": 15, "quantity": 4, "lineitem_total": "8.00"}}, {"model": "purchase.orderlineitem", "pk": 49, "fields": {"order": 33, "product": 12, "quantity": 5, "lineitem_total": "17.50"}}, {"model": "purchase.orderlineitem", "pk": 50, "fields": {"order": 34, "product": 30, "quantity": 1, "lineitem_total": "5.50"}}, {"model": "purchase.orderlineitem", "pk": 51, "fields": {"order": 35, "product": 11, "quantity": 1, "lineitem_total": "3.20"}}, {"model": "purchase.orderlineitem", "pk": 52, "fields": {"order": 36, "product": 1, "quantity": 1, "lineitem_total": "2.50"}}, {"model": "purchase.orderlineitem", "pk": 53, "fields": {"order": 37, "product": 31, "quantity": 1, "lineitem_total": "2.35"}}, {"model": "purchase.orderlineitem", "pk": 54, "fields": {"order": 38, "product": 31, "quantity": 1, "lineitem_total": "2.35"}}, {"model": "purchase.orderlineitem", "pk": 55, "fields": {"order": 39, "product": 3, "quantity": 1, "lineitem_total": "1.35"}}, {"model": "purchase.orderlineitem", "pk": 56, "fields": {"order": 40, "product": 3, "quantity": 1, "lineitem_total": "1.35"}}, {"model": "purchase.orderlineitem", "pk": 57, "fields": {"order": 40, "product": 2, "quantity": 1, "lineitem_total": "1.35"}}, {"model": "purchase.orderlineitem", "pk": 58, "fields": {"order": 41, "product": 1, "quantity": 4, "lineitem_total": "10.00"}}, {"model": "purchase.orderlineitem", "pk": 59, "fields": {"order": 42, "product": 2, "quantity": 1, "lineitem_total": "1.35"}}, {"model": "purchase.orderlineitem", "pk": 60, "fields": {"order": 43, "product": 2, "quantity": 1, "lineitem_total": "1.35"}}, {"model": "profiles.userprofile", "pk": 1, "fields": {"user": 1, "default_phone_number": "('554435655',)", "default_street_address1": "('This is my street address',)", "default_street_address2": "('This is the second street address',)", "default_town_or_city": "('Balmanana',)", "default_eircode": "('234324',)", "default_county": "('Meath',)", "default_country": "('BB',)"}}, {"model": "profiles.userprofile", "pk": 2, "fields": {"user": 2, "default_phone_number": "2342345345", "default_street_address1": "111 Bell street", "default_street_address2": "Main Street", "default_town_or_city": "Sosho", "default_eircode": "344532", "default_county": "Washington", "default_country": "US"}}]